HashTag,CreatedTime,LastModifiedTime,State
ai,2020-02-04 20:01:09,2020-02-04 20:01:09,Follow
userexperience,2018-09-05 21:00:32,2018-09-05 21:00:32,Follow
customerrelations,2018-09-05 21:00:14,2018-09-05 21:00:14,Follow
happiness,2018-09-05 21:00:08,2018-09-05 21:00:08,Follow
jobinterviews,2018-09-05 21:00:08,2018-09-05 21:00:08,Follow
robots,2017-10-25 19:41:46,2017-10-25 19:41:46,Follow
storytelling,2017-10-25 19:41:45,2017-10-25 19:41:45,Follow
startupstrategies,2017-10-25 19:41:44,2017-10-25 19:41:44,Follow
interfacedesign,2017-10-25 19:41:42,2017-10-25 19:41:42,Follow
