Date,ShareLink,ShareCommentary,SharedUrl,MediaUrl,Visibility
2025-07-09 19:15:43,https://www.linkedin.com/feed/update/urn%3Ali%3Ashare%3A7348791984213417985,"Fun little get-to-know-me interview AI for business patterns that work""
""""
""https://lnkd.in/gtrCj_7e""
""","","",MEMBER_NETWORK
2025-07-07 13:29:38,https://www.linkedin.com/feed/update/urn%3Ali%3Ashare%3A7347980115257040896,It’s time to mention that I’m back from vacation :) Lets catchup!,"","",MEMBER_NETWORK
2025-07-04 15:39:35,https://www.linkedin.com/feed/update/urn%3Ali%3Ashare%3A7346925652937216002,Work with Henry Jammes!!!!,"","",MEMBER_NETWORK
2025-07-03 16:42:28,https://www.linkedin.com/feed/update/urn%3Ali%3Ashare%3A7346579089601794049,"I have been working with an incredible operations manager, EMi Spicer who is in danger of being unhoused, please consider helping her and the fur babies out: https://lnkd.in/gprQN4gG""
""""
""Also can reslly help your projects so if you need help there check out her page!",https://www.gofundme.com/f/help-emi-with-housing,"",MEMBER_NETWORK
2025-07-01 15:04:19,https://www.linkedin.com/feed/update/urn%3Ali%3Ashare%3A7345829617640841216,"I had a great conversation with Krish Palaniappan about many topics, including deep philosophical questions about using GenAI, what it means to large dev teams, and what creativity truly is. It was a fun time!","","",MEMBER_NETWORK
2025-06-16 18:22:43,https://www.linkedin.com/feed/update/urn%3Ali%3Ashare%3A7340443727787659264,"This was one of my favorite interviews so far this year! ""
""""
""""IN THIS EPISODE, ELI DAVIS SPEAKS WITH PETER SWIMM, A CONVERSATIONAL AI TECHNOLOGIST. PETER, THE FOUNDER OF TOLLVILLE, LLC, DISCUSSES HIS WORK IN DESIGNING AI TOOLS, THE BALANCE BETWEEN AUTOMATION AND HUMAN TOUCH, ETHICS IN AI DEVELOPMENT, AND SHARES HIS THOUGHTS ON THE INTEGRATION OF AI IN VARIOUS INDUSTRIES. THEY ALSO EXPLORE THE CULTURAL IMPACTS OF AI AND ITS POTENTIAL FOR CREATING ACCESSIBLE TECHNOLOGY.""""
""""
""""
""https://lnkd.in/gsZ2sy7n","","",MEMBER_NETWORK
2025-06-15 16:44:51,https://www.linkedin.com/feed/update/urn%3Ali%3Ashare%3A7340056710683729921,Work with Taylor!!!,"","",MEMBER_NETWORK
2025-06-15 15:31:34,https://www.linkedin.com/feed/update/urn%3Ali%3Ashare%3A7340038269117599744,Did OSX Tahoe put the Microsoft Copilot in it's new trash icon? Who can say?,"","",MEMBER_NETWORK
2025-06-12 15:56:28,https://www.linkedin.com/feed/update/urn%3Ali%3Ashare%3A7338957372188479489,"Quick chat with Jed Morley about the challenges for PMs to ship products in this ""AI at any cost"" era:""
""""
""As the product owner, the bar for a “ready to ship” product has been raised much higher. Things that people accept as standard, especially regarding inferencing, are no longer expected to be there by default with minimal fuss. The hype cycle has perhaps done too good of a job preparing people for an AI-first future, and now we have to manage a lot of expectation setting and clear requirements when working on products that tout AI as a key feature.""
""""
""https://lnkd.in/gqiKKC2Y","","",MEMBER_NETWORK
2025-06-10 15:15:09,https://www.linkedin.com/feed/update/urn%3Ali%3Ashare%3A7338222198182080513,This was a great discussion!,"","",MEMBER_NETWORK
2025-06-09 14:03:46,https://www.linkedin.com/feed/update/urn%3Ali%3Ashare%3A7337841845382561792,"Its true, Henry Jammes is always this cool.","","",MEMBER_NETWORK
2025-06-03 14:01:47,https://www.linkedin.com/feed/update/urn%3Ali%3AugcPost%3A7335667017200357376,"Building better chatbots requires a blend of common sense and less conventional approaches.""
""""
""I recently had an insightful conversation with Jacintha Kurniawan about the challenges and pitfalls associated with developing these tools.","","",MEMBER_NETWORK
2025-05-28 17:00:54,https://www.linkedin.com/feed/update/urn%3Ali%3Ashare%3A7333537767550832641,"Toilville is now offering consultations on Conversational AI! Would you like some help with planning or saving an out-of-control conversational AI project? ""
""""
""I am opening my calendar for private sessions to address your questions about all aspects of digitally transforming your business and processes with Conversational AI. DM me if you have any questions, or book using the link below.""
""""
""https://lnkd.in/g9QyMcEN","","",MEMBER_NETWORK
2025-05-28 16:52:58,https://www.linkedin.com/feed/update/urn%3Ali%3Ashare%3A7333535769690550272,"I discussed AI with ARC Seattle on Seattle's WB Network affiliate!""
""""
""“Peter Swimm, a conversational AI expert and founder of Toilville, defines this type of artificial intelligence as technology that uses more casual, human-centered language that people tend to use during phone and video calls. “""
""""
""https://lnkd.in/g3fGBFJk",https://lnkd.in/g3fGBFJk,"",MEMBER_NETWORK
2025-05-27 20:23:48,https://www.linkedin.com/feed/update/urn%3Ali%3Ashare%3A7333226442228412416,Tossed salad and scrambled regs: Talking Ai for the rest of us at the CW as a guest of Arc Seattle,"","",MEMBER_NETWORK
2025-05-27 17:30:36,https://www.linkedin.com/feed/update/urn%3Ali%3Ashare%3A7333182855398756354,"I had a great conversation with Guy on ProRelevant's The Backstory on Marketing & AI. LLMs are impacting every industry, and we discuss the risks and possible rewards of using AI-powered tools to accelerate your business.""
""","","",MEMBER_NETWORK
2025-05-26 19:33:28,https://www.linkedin.com/feed/update/urn%3Ali%3Ashare%3A7332851384716861440,"As much as I love the technical problem-solving we do at Toilville  at the end of the day, we are really just talking about people. Listen for a great conversation on what we get with modern AI and what we are missing in the rush to replace human intelligence.","","",MEMBER_NETWORK
2025-05-21 16:32:51,https://www.linkedin.com/feed/update/urn%3Ali%3Ashare%3A7330993994170052609,"Love seeing the focus on incremental improvements versus launching new features: https://lnkd.in/egaBUuee""
""""
""It's going to be interesting to see how users intend to manage the orchestration of prompts in a system where everyone can claim to be the authority!","","",MEMBER_NETWORK
2025-05-16 17:56:20,https://www.linkedin.com/feed/update/urn%3Ali%3Ashare%3A7329203063649394689,"Wild to see Microsoft laying off crafty employees who accomplished amazing work during a prolonged period of urgent ambiguity, while retaining those who complicated the process at almost every opportunity. ""
""""
""Well done!","","",MEMBER_NETWORK
2025-05-14 15:21:53,https://www.linkedin.com/feed/update/urn%3Ali%3AugcPost%3A7328439418162241537,Toilville office hours,"","",MEMBER_NETWORK
2025-05-14 15:20:27,https://www.linkedin.com/feed/update/urn%3Ali%3AugcPost%3A7328439058760695809,I'm hosting Toilville office hours. Make sure to attend it today!,"","",MEMBER_NETWORK
2025-05-12 18:12:10,https://www.linkedin.com/feed/update/urn%3Ali%3Ashare%3A7327757495920218112,"Another may, another Microsoft build. I won't be there in person (this time I'm the penny pincher), but I have made a list of the most interesting talks you can preview here: https://lnkd.in/gTkevkR5","","",MEMBER_NETWORK
2025-05-07 15:07:19,https://www.linkedin.com/feed/update/urn%3Ali%3AugcPost%3A7325899038921293825,I'm hosting Toilville office hours. Make sure to attend it today.,"","",MEMBER_NETWORK
2025-05-06 14:37:03,https://www.linkedin.com/feed/update/urn%3Ali%3Ashare%3A7325529032018534401,"I have been working on a new digital transformation framework, and I am starting to get to the point where feedback will be helpful""
""""
""https://lnkd.in/g5tpQv7c""
""""
""The Goals of the framework are to answer the following questions:""
""- Do I know the jobs I really should be doing in a system?""
""- Does the system have all the abilities it needs to successfully solve the problem set?""
""- Is this a fair, equitable, and enjoyable process for its human users?""
""- Are there external systems I can rely on to help solve the jobs?""
""- Are my systems and external ones doing a good job and trustworthy in many ways to solve problems?""
""- Can things be arbitrated fairly and equitably?""
""- How do human coworkers benefit from participation in the system immediately and long-term?""
""- Who owns the value generated by the system, and how is it reinvested back into the system to benefit all stakeholders?","","",MEMBER_NETWORK
2025-05-05 17:33:36,https://www.linkedin.com/feed/update/urn%3Ali%3AugcPost%3A7325211077783232514,Henry and the team did an excellent job managing the Rabobank journey. This session is going to be very informative.,"","",MEMBER_NETWORK
2025-05-01 02:00:10,https://www.linkedin.com/feed/update/urn%3Ali%3Ashare%3A7323526620537925632,Stella is amazing ! Find a way to make this work!!,"","",MEMBER_NETWORK
2025-04-24 20:56:21,https://www.linkedin.com/feed/update/urn%3Ali%3AugcPost%3A7321275834172923905,"Office hours offer an opportunity to engage with the conversational AI community regarding questions about LLMs, NLU, best practices, and more. Please refrain from sharing any personal or private information, as this will be streamed and archived!","","",MEMBER_NETWORK
2025-04-23 13:59:32,https://www.linkedin.com/feed/update/urn%3Ali%3Ashare%3A7320808550782447616,Agents are here! They mean it this time!,https://venturebeat.com/ai/microsoft-just-launched-powerful-ai-agents-that-could-completely-transform-your-workday-and-challenge-googles-workplace-dominance/,"",MEMBER_NETWORK
2025-04-21 16:49:27,https://www.linkedin.com/feed/update/urn%3Ali%3AugcPost%3A7320126535888162818,"I'm hosting Toilville office hours! We will be answering your questions and reviewing the new best practices guide from OpenAI. It's not bad, but also revealing about how it undermines Altman's hype aura. ","","",MEMBER_NETWORK
2025-04-21 16:34:04,https://www.linkedin.com/feed/update/urn%3Ali%3AugcPost%3A7320122662997868545,Questions about Conversational AI? Stop on by! We are also going to review https://lnkd.in/gMY-JZEG,"","",MEMBER_NETWORK
2025-04-17 01:26:59,https://www.linkedin.com/feed/update/urn%3Ali%3AugcPost%3A7318444836343201792,Jay is super talented and would bring a lot to your problem solving acumen!!,"","",MEMBER_NETWORK
2025-04-16 22:16:26,https://www.linkedin.com/feed/update/urn%3Ali%3Ashare%3A7318396885105328148,"Copilot Studio announced support for Windows Server 2016!!""
""""
""Jokes aside, the fact that MCS couldn't use RPA was a huge gap for years, It's pretty cool it's important enough to be a target for this tooling.""
""""
""https://lnkd.in/gHD_KQHe","","",MEMBER_NETWORK
2025-04-15 17:32:03,https://www.linkedin.com/feed/update/urn%3Ali%3Ashare%3A7317962928773545985,"Being pushed by your leadership to AI-a-size your processes? Read this article where Toilville talks to writer David Berry in this Reworked article about the risks, strategies, and how to avoid making costly mistakes in your first tentative steps in this new world.","","",MEMBER_NETWORK
2025-04-14 13:57:20,https://www.linkedin.com/feed/update/urn%3Ali%3Ashare%3A7317546504062214145,Don’t get tricked by a surface pro! Toilville can help!,https://pressgazette.co.uk/publishers/digital-journalism/virtual-reality-the-widely-quoted-media-experts-who-are-not-what-they-seem/,"",MEMBER_NETWORK
2025-04-13 22:54:25,https://www.linkedin.com/feed/update/urn%3Ali%3Ashare%3A7317319277760368640,If the ai bubble is dead ill settle for “api with an audit structure that can advertise their skills”: https://lnkd.in/gG5N2WxX,"","",MEMBER_NETWORK
2025-04-13 14:53:15,https://www.linkedin.com/feed/update/urn%3Ali%3AugcPost%3A7317198190443667456,Hire Ethan!!!,"","",MEMBER_NETWORK
2025-04-11 15:08:32,https://www.linkedin.com/feed/update/urn%3Ali%3Ashare%3A7316477258997604352,"This is an excellent read about how the tunnel vision towards AI is harming customer relationships: https://lnkd.in/gQFUkKxa""
""""
""1. Customers are not a burden on revenue; investing in them ensures their loyalty!""
""2. Some actions are wise and some are simply the right thing to do, making it essential for any service-based business to ensure that clients can always engage with you for arbitration.""
""3. There are numerous ways to enhance these processes without relying on LLMs or AI! It's perfectly fine to spend less and achieve better results, honestly!""
""""
""Interested in learning more? Let's talk!","","",MEMBER_NETWORK
2025-04-09 15:31:58,https://www.linkedin.com/feed/update/urn%3Ali%3AugcPost%3A7315758380294328320,"Office hours offer an opportunity to engage with the conversational AI community regarding questions about LLMs, NLU, best practices, and more. Please refrain from sharing any personal or private information, as this will be streamed and archived!","","",MEMBER_NETWORK
2025-04-09 15:27:12,https://www.linkedin.com/feed/update/urn%3Ali%3AugcPost%3A7315757179523723264,"OFFICE HOURS ARE A PLACE TO JOIN THE CONVERSATIONAL AI COMMUNITY IN QUESTIONS ABOUT LLMS, NLU, BEST PRACTICES, AND MORE""
""""
""PLEASE DO NOT SHARE ANY PERSONAL OR PRIVATE INFORMATION, AS THIS WILL BE STREAMED AND ARCHIVED!","","",MEMBER_NETWORK
2025-04-09 15:08:58,https://www.linkedin.com/feed/update/urn%3Ali%3Ashare%3A7315752595405320194,Going live with an Office hours test stream! Want to be a guest? https://lnkd.in/gGTV4bwG,"","",MEMBER_NETWORK
2025-04-09 15:06:56,https://www.linkedin.com/feed/update/urn%3Ali%3AugcPost%3A7315752081468862465,Toilville office hours,"","",MEMBER_NETWORK
2025-04-08 22:00:45,https://www.linkedin.com/feed/update/urn%3Ali%3Ashare%3A7315493832832217088,Now we just need this in connectors!,"","",MEMBER_NETWORK
2025-04-07 22:44:10,https://www.linkedin.com/feed/update/urn%3Ali%3AugcPost%3A7315142372370141184,Henry and team have shipped so many missing features. Grab it!,"","",MEMBER_NETWORK
2025-04-07 19:53:01,https://www.linkedin.com/feed/update/urn%3Ali%3AugcPost%3A7315099297945907200,"Two fast thoughts here:""
""""
""The power platform has already been pitching this stuff as the value of the products THEY HAVE TODAY since November 2023. And now that promised value is here again, but in something else that is also still in preview. No, you don't get to know how much more it will cost, but rest assured, it won't be included with whatever a Copilot studio seat or m365 copilot pro license will be.""
""""
""Second, this is just lightly rewrapping access to the reasoning model. Still, I'd be seriously skeptical if it's any better than the previous method of wrapping prompts around an openAPI spec and calling it actions, connectors, agentic connectors, or whatever marketing missive came down from the mountain this week. ""
""""
""If you are building something and bet on the wrong horse, let's discuss ways to salvage your product or bypass the vagaries of the power platform altogether.","","",MEMBER_NETWORK
2025-04-05 03:25:07,https://www.linkedin.com/feed/update/urn%3Ali%3AugcPost%3A7314125912365486080,See its always five years away!,"","",MEMBER_NETWORK
2025-04-02 20:52:24,https://www.linkedin.com/feed/update/urn%3Ali%3Ashare%3A7313302305833947140,AI for me but none for you? Find out the cruel truth about job hunts in 2025,"","",MEMBER_NETWORK
2025-03-31 20:40:59,https://www.linkedin.com/feed/update/urn%3Ali%3Ashare%3A7312574657583357953,"Special shoutout to the people helping Toilville become the best darn thing. We love and support every one of you!""
""","","",MEMBER_NETWORK
2025-03-30 13:32:55,https://www.linkedin.com/feed/update/urn%3Ali%3Ashare%3A7312104545117949953,This is going to be a good one!,"","",MEMBER_NETWORK
2025-03-29 15:44:05,https://www.linkedin.com/feed/update/urn%3Ali%3Ashare%3A7311775161915961344,The main reason generative AI is net bad for consumers is that we will see countless dark adult Harry Potter stories filled with violence and explicit content before we ever get a entire second season of Square Pegs.,"","",MEMBER_NETWORK
2025-03-28 01:58:15,https://www.linkedin.com/feed/update/urn%3Ali%3Ashare%3A7311204947633520640,I guess people didn’t prepare well enough for ai winter.,"","",MEMBER_NETWORK
2025-03-27 23:16:46,https://www.linkedin.com/feed/update/urn%3Ali%3Ashare%3A7311164311219970052,"One of the best technology scams is to predict that difficult tasks will be achievable in five years, while impossible ones will omnipresent within ten.",https://www-cnbc-com.cdn.ampproject.org/c/s/www.cnbc.com/amp/2025/03/26/bill-gates-on-ai-humans-wont-be-needed-for-most-things.html,"",MEMBER_NETWORK
2025-03-27 17:39:53,https://www.linkedin.com/feed/update/urn%3Ali%3AugcPost%3A7311079531140771841,"Learn more from me and others about how to best approach adopting AI technology in your business processes (hint: its ""carefully"").","","",MEMBER_NETWORK
2025-03-26 13:41:28,https://www.linkedin.com/feed/update/urn%3Ali%3Ashare%3A7310657141499928577,Someone has taught the eggheads at open ai a cool little trick about inspiration reproduction and they are using it as a loophole around copyright.,"","",MEMBER_NETWORK
2025-03-19 14:00:58,https://www.linkedin.com/feed/update/urn%3Ali%3Ashare%3A7308125335848460288,My favorite way of getting out of writing chatbot copy is to write intentionally bad copy because people love giving notes.,"","",MEMBER_NETWORK
2025-03-18 00:37:35,https://www.linkedin.com/feed/update/urn%3Ali%3Ashare%3A7307560769808650240,This is really cool! Now the bot can answer those teams cold calls :),"","",MEMBER_NETWORK
2025-03-17 23:46:21,https://www.linkedin.com/feed/update/urn%3Ali%3Ashare%3A7307547876191084544,"Sat down with Jeff Wilser to discuss what is possible and what is risky in the world of Converstional AI. Have follow up questions! Reach out!""
""""
"" https://lnkd.in/giNr4WM7",https://podcasts.apple.com/us/podcast/ai-curious-with-jeff-wilser/id1703130308?i=1000698201193,"",MEMBER_NETWORK
2025-03-17 23:36:20,https://www.linkedin.com/feed/update/urn%3Ali%3Ashare%3A7307545356001583108,One of these things I'm starting next month is a patreon like thing on the website that includes a chatpetey tier that for $200/month ill let you you dm me and I'll actually respond.,"","",MEMBER_NETWORK
2025-03-17 13:39:26,https://www.linkedin.com/feed/update/urn%3Ali%3Ashare%3A7307395141613273088,Starting out my Monday navigating the five admin portals you need to navigate setting up paygo for a power platform product is like if target was an escape room.,"","",MEMBER_NETWORK
2025-03-15 19:07:51,https://www.linkedin.com/feed/update/urn%3Ali%3Ashare%3A7306753012587208707,I took a lot of heat with both customers and colleagues at Microsoft for advocating this type of pragmatism and to be honest seeing it on a actual learn page has me a bit shocked!,"","",MEMBER_NETWORK
2025-03-15 17:04:48,https://www.linkedin.com/feed/update/urn%3Ali%3Ashare%3A7306722048813252609,"As a steward of AI strategy for Toilville I get decide when the project calls for ""medium violence""","","",MEMBER_NETWORK
2025-03-15 15:59:11,https://www.linkedin.com/feed/update/urn%3Ali%3Ashare%3A7306705533825097728,What happens when a company known for substantial quality requirements is forced to ship a product it knows is not ready for prime time?,"","",MEMBER_NETWORK
2025-03-13 17:57:43,https://www.linkedin.com/feed/update/urn%3Ali%3Ashare%3A7306010588827041794,Turns out you can't have your virtual labor be more expensive and less performanant than real labor,https://www.theinformation.com/articles/ai-giving-salesforce-boost?utm_source=bluesky&utm_medium=organic_social&utm_campaign=article_post,"",MEMBER_NETWORK
2025-03-12 13:43:27,https://www.linkedin.com/feed/update/urn%3Ali%3Ashare%3A7305584211044745216,This is the play for services companies like ServiceNow to productize their libraries of api integrations and support their adoption into custom agents that they also so happen to be able to sell you. Build or buy? Still a risky question!,"","",MEMBER_NETWORK
2025-03-11 15:07:15,https://www.linkedin.com/feed/update/urn%3Ali%3Ashare%3A7305242913960013825,Are you in a cool community discord and slack about conversational ai? Share some links here!,"","",MEMBER_NETWORK
2025-03-11 13:23:47,https://www.linkedin.com/feed/update/urn%3Ali%3Ashare%3A7305216873644638209,"The significant unspoken concern here is that, despite Apple’s exceptional quality control in experiences, which is one of the best in the industry, they have no confidence in large language models (LLMs) becoming a significant part of their ecosystem.","","",MEMBER_NETWORK
2025-03-10 18:08:32,https://www.linkedin.com/feed/update/urn%3Ali%3AugcPost%3A7304926146591084544,"Office hours are on hiatus! (Dentists, ugh) Trying something new? Reserve a spot now!","","",MEMBER_NETWORK
2025-03-10 18:05:56,https://www.linkedin.com/feed/update/urn%3Ali%3AugcPost%3A7304925491868618753,"LIVE MOST TUESDAYS @ 8 AM PT / 11 AM ET / 4 PM GMT / 9:30 PM IST ON TWITCH, LINKEDIN, AND YOUTUBE""
""OFFICE HOURS ARE A PLACE TO JOIN THE CONVERSATIONAL AI COMMUNITY IN QUESTIONS ABOUT LLMS, NLU, BEST PRACTICES, AND MORE""
""""
""PLEASE DO NOT SHARE ANY PERSONAL OR PRIVATE INFORMATION, AS THIS WILL BE STREAMED AND ARCHIVED! ""
""PLEASE REVIEW OUR CODE OF CONDUCT.","","",MEMBER_NETWORK
2025-03-07 01:53:10,https://www.linkedin.com/feed/update/urn%3Ali%3Ashare%3A7303593524359245824,Building up the production quality - all we are missing is you!,"","",MEMBER_NETWORK
2025-03-04 16:08:41,https://www.linkedin.com/feed/update/urn%3Ali%3Ashare%3A7302721659034050561,"Streaming now: Toilville office hours! Every Tuesday on Twitch, YouTube and https://lnkd.in/efRzSafd Have questions about conversational AI? Ask me here!","","",MEMBER_NETWORK
2025-03-04 00:29:38,https://www.linkedin.com/feed/update/urn%3Ali%3Ashare%3A7302485340663988226,Work with Christy!!!,"","",MEMBER_NETWORK
2025-02-25 15:57:32,https://www.linkedin.com/feed/update/urn%3Ali%3AugcPost%3A7300182138610425856,Lets do this!,"","",MEMBER_NETWORK
2025-02-24 17:19:12,https://www.linkedin.com/feed/update/urn%3Ali%3Ashare%3A7299840302062731264,This! Your expertise demands you do not blunt your feedback and stick to your ethics in these times.,"","",MEMBER_NETWORK
2025-02-23 18:51:44,https://www.linkedin.com/feed/update/urn%3Ali%3Ashare%3A7299501199177756672,"We have a schedule for the month of march and beyond with Toilville Office Hours""
""""
""Have a question? Want to join us on the stream? Check out below""
""https://lnkd.in/efRzSafd","","",MEMBER_NETWORK
2025-02-17 21:13:31,https://www.linkedin.com/feed/update/urn%3Ali%3AugcPost%3A7297362552823390208,"OFFICE HOURS ARE A PLACE TO JOIN THE CONVERSATIONAL AI COMMUNITY IN QUESTIONS ABOUT LLMS, NLU, BEST PRACTICES, AND MORE!""
""PLEASE DO NOT SHARE ANY PERSONAL OR PRIVATE INFORMATION, AS THIS WILL BE STREAMED AND ARCHIVED!""
""PLEASE REVIEW OUR CODE OF CONDUCT.""
""""
""https://lnkd.in/gszJHEvS","","",MEMBER_NETWORK
2025-02-09 23:48:10,https://www.linkedin.com/feed/update/urn%3Ali%3Ashare%3A7294502369579413504,Grab him quick!,"","",MEMBER_NETWORK
2025-02-05 15:15:20,https://www.linkedin.com/feed/update/urn%3Ali%3Ashare%3A7292923761387782147,1000%,"","",MEMBER_NETWORK
2025-01-29 20:16:15,https://www.linkedin.com/feed/update/urn%3Ali%3Ashare%3A7290462772654395392,What stinks about GenAI is that you can't attribute this entirely to theft or just an AI slum.,"","",MEMBER_NETWORK
2025-01-28 14:47:19,https://www.linkedin.com/feed/update/urn%3Ali%3Ashare%3A7290017608110686208,"Playing with Deepseek, you can see how its approach to smaller, cheaper models helps and hurts it. Certain decisions in the prompt can sidetrack you, and it'll stop casting such a wide net. ""
""""
""This tunnel vision is likely super helpful for limited domain topics but less desirable when casting a bigger net.","","",MEMBER_NETWORK
2025-01-24 03:15:22,https://www.linkedin.com/feed/update/urn%3Ali%3Ashare%3A7288393918121971713,Work with Meredith Schulz !!!,"","",MEMBER_NETWORK
2025-01-20 22:47:13,https://www.linkedin.com/feed/update/urn%3Ali%3Ashare%3A7287239276277256193,Remembering Dr. King and the fighters of his generation who saw worker solidarity and worker-first automation as a keystone of the civil rights movement.,"","",MEMBER_NETWORK
2025-01-18 17:12:23,https://www.linkedin.com/feed/update/urn%3Ali%3AugcPost%3A7286430233757368322,The rebrands will continue until morale improves.,"","",MEMBER_NETWORK
2025-01-17 18:58:37,https://www.linkedin.com/feed/update/urn%3Ali%3Ashare%3A7286094582814064640,"The biggest elephant in the room is this. Genai needs tons of data to be useful but if it hallucinates security incorrectly you are on a one way ticket to exfiltration city. ""
""""
""Making the design of the agent simpler is one solution but every compromise you make in the experience begs the question why pay more for llms?",https://pivot-to-ai.com/2025/01/17/microsoft-research-finds-microsoft-ai-products-may-never-be-secure/,"",MEMBER_NETWORK
2025-01-15 18:12:21,https://www.linkedin.com/feed/update/urn%3Ali%3AugcPost%3A7285358162323349504,"Join us for Toilville Office Hours today!""
""""
""We'll be addressing questions from our inbox and engaging live in the chat right here on LinkedIn. Our discussion will cover the following topics:""
""""
""- Exploring the essence of AI""
""- Identifying effective Agentic scenarios""
""- Strategies for measuring value and ROI""
""- Ensuring the happiness and engagement of our human workforce""
""""
""Don't miss out! Join the conversation at: [Link to Toilville Office Hours]""
""""
""#Toilville #OfficeHours #AI #ROI #EmployeeEngagement #Agents #LLM #Chatbot #ConversationDesign","","",MEMBER_NETWORK
2025-01-10 15:31:05,https://www.linkedin.com/feed/update/urn%3Ali%3Ashare%3A7283505640868659200,Anyone Lewis likes has got to be great.,"","",MEMBER_NETWORK
2025-01-08 18:52:03,https://www.linkedin.com/feed/update/urn%3Ali%3Ashare%3A7282831436963790848,Please follow Toilville so we can host the office hours series there! 116 more to go!,"","",MEMBER_NETWORK
2025-01-08 18:38:32,https://www.linkedin.com/feed/update/urn%3Ali%3AugcPost%3A7282828035974688768,Reserve your seat for our weekly office hours!,"","",MEMBER_NETWORK
2025-01-06 21:30:32,https://www.linkedin.com/feed/update/urn%3Ali%3Ashare%3A7282146547998302208,"I went ahead and did it! Office hours starts next week, Consultation services start today! Have questions? Reach out now!","","",MEMBER_NETWORK
2025-01-03 21:25:09,https://www.linkedin.com/feed/update/urn%3Ali%3Ashare%3A7281058026449477632,"January 6, 2025.","","",MEMBER_NETWORK
2024-12-18 01:40:24,https://www.linkedin.com/feed/update/urn%3Ali%3Ashare%3A7274961669070450688,"Really investing reboot of salesforce’s genetic platform, and one I think is more geared towards worker owned efforts to automate their business. Remains to be seen if people can do better in their ecosystem then they can playing around in other sandboxes. ""
""""
""I suspect the winner of the agent race will largely be a factor of who wins the “business org chart operating system” problem more than than who has most performant ai stack when it’s all said and done.","","",MEMBER_NETWORK
2024-12-16 15:10:39,https://www.linkedin.com/feed/update/urn%3Ali%3Ashare%3A7274440800258695169,Humans ARE the loop. Businesses neglect this at their own peril.,"","",MEMBER_NETWORK
2024-12-13 19:55:44,https://www.linkedin.com/feed/update/urn%3Ali%3Ashare%3A7273425378923155457,"I think Braden is making a very astute point here.  This outcome based pricing, just like people applying NPS metrics to agent usage doesn’t really tell you anything about the quality of your product. ""
""""
""If an agent very efficiently tells you you dont get to talk to a person, and you aren’t getting a refund what does the question even mean here?","","",MEMBER_NETWORK
2024-12-13 13:43:53,https://www.linkedin.com/feed/update/urn%3Ali%3Ashare%3A7273331801375293440,Who’s going full horse in the agentic race ?,"","",MEMBER_NETWORK
2024-12-12 17:31:16,https://www.linkedin.com/feed/update/urn%3Ali%3Ashare%3A7273026636470493185,Now its a 3.7 horse race https://lnkd.in/gHiws6Hu,https://blog.google/technology/google-deepmind/google-gemini-ai-update-december-2024/#ceo-message,"",MEMBER_NETWORK
2024-12-10 22:04:09,https://www.linkedin.com/feed/update/urn%3Ali%3Ashare%3A7272370533223022592,Well the office hours went bad! Going to try a take two here in a couple of hours.,"","",MEMBER_NETWORK
2024-12-10 02:30:11,https://www.linkedin.com/feed/update/urn%3Ali%3Ashare%3A7272075094707843072,Work with Gaby Jimenez !!,"","",MEMBER_NETWORK
2024-12-10 02:03:11,https://www.linkedin.com/feed/update/urn%3Ali%3AugcPost%3A7272068298920329218,"A quick note we are doing a dress rehearsal for this tomorrow. If no one but you shows up, think of it as a free consult.","","",MEMBER_NETWORK
2024-12-09 23:53:22,https://www.linkedin.com/feed/update/urn%3Ali%3Ashare%3A7272035631130669056,"Measurement isn’t just an ai safety thing, it’s really common sense. Would you let your customers talk to a stranger for hours?","","",MEMBER_NETWORK
2024-12-09 14:14:33,https://www.linkedin.com/feed/update/urn%3Ali%3AugcPost%3A7271889966153003008,Doing a dress rehearsal of the office hours which will be kicking off in January. Let’s rage against the machine and see what breaks.,"","",MEMBER_NETWORK
2024-12-08 22:41:17,https://www.linkedin.com/feed/update/urn%3Ali%3Ashare%3A7271655104401801216,The Rabobank team is very savvy! Dutch is a tough language for nlu context this will be a fun role!,"","",MEMBER_NETWORK
2024-12-08 18:18:57,https://www.linkedin.com/feed/update/urn%3Ali%3AugcPost%3A7271589085050216450,Office hours are coming in 2025! Want to help us test the process? Sign up below.,"","",MEMBER_NETWORK
2024-12-08 15:03:22,https://www.linkedin.com/feed/update/urn%3Ali%3Ashare%3A7271539863378665472,Ah I see that copilot has reached the government cloud in the mcu.,https://youtu.be/uPm0SQD4blU?si=aMcRXlkzWMM_GfFF,"",MEMBER_NETWORK
2024-12-07 00:30:48,https://www.linkedin.com/feed/update/urn%3Ali%3AugcPost%3A7270957886858498048,Work with Andrea!!,"","",MEMBER_NETWORK
2024-12-06 20:43:03,https://www.linkedin.com/feed/update/urn%3Ali%3Ashare%3A7270900574735208449,Cool need for great conversational designers!,"","",MEMBER_NETWORK
2024-12-06 17:37:51,https://www.linkedin.com/feed/update/urn%3Ali%3Ashare%3A7270853965146128385,Does the $200 plan for ChatGPT mean I’m now paying the mechanical turk directly?,"","",MEMBER_NETWORK
2024-12-05 14:57:02,https://www.linkedin.com/feed/update/urn%3Ali%3Ashare%3A7270451108664229888,Not even the fun stuff but the challenging stuff! The greatest pattern matching system ever made remains the human brain.,"","",MEMBER_NETWORK
2024-12-05 02:55:47,https://www.linkedin.com/feed/update/urn%3Ali%3Ashare%3A7270269600334790658,"This is the clearest narrative Microsoft has done yet on their vision for ai agents.  They are very bullish on the potential for ai agents to become an asset to information workers. ""
""""
""How this will actually happen and how it will actually impact team efficiency in a measurable way will be the challenge to prove in 2025.","","",MEMBER_NETWORK
2024-12-04 14:58:00,https://www.linkedin.com/feed/update/urn%3Ali%3AugcPost%3A7270088963690754049,Looks like I’m doing office hours!,"","",MEMBER_NETWORK
2024-12-04 14:18:19,https://www.linkedin.com/feed/update/urn%3Ali%3Ashare%3A7270078977308790785,There are some jobs that should never be automated away. Great read in todays New York Times.,https://www.nytimes.com/2024/12/04/opinion/ai-tech-human-interaction.html?smid=nytcore-ios-share&referringSource=articleShare,"",MEMBER_NETWORK
2024-12-03 14:04:17,https://www.linkedin.com/feed/update/urn%3Ali%3Ashare%3A7269713057038110720,A long time coming! Finally you can sign up without a ton of hassle.,"","",MEMBER_NETWORK
2024-12-02 19:58:57,https://www.linkedin.com/feed/update/urn%3Ali%3Ashare%3A7269439923953254400,Work with Dakota!!,"","",MEMBER_NETWORK
2024-12-02 19:10:20,https://www.linkedin.com/feed/update/urn%3Ali%3Ashare%3A7269427686979051520,Autumn Wyborny is amazing! Get on this opportunity to improve your team today!,"","",MEMBER_NETWORK
2024-11-29 22:47:38,https://www.linkedin.com/feed/update/urn%3Ali%3Ashare%3A7268395211712540672,Be the swaggiest bro at the conf.,"","",MEMBER_NETWORK
2024-11-29 17:37:03,https://www.linkedin.com/feed/update/urn%3Ali%3AugcPost%3A7268317050136145921,Always be dogfooding!,"","",MEMBER_NETWORK
2024-11-27 14:33:06,https://www.linkedin.com/feed/update/urn%3Ali%3AugcPost%3A7267545981833879552,"","","",MEMBER_NETWORK
2024-11-27 14:31:10,https://www.linkedin.com/feed/update/urn%3Ali%3Ashare%3A7267545493432360960,This has been a long time coming!,"","",MEMBER_NETWORK
2024-11-25 20:48:46,https://www.linkedin.com/feed/update/urn%3Ali%3Ashare%3A7266915745886855168,"Copilot Studio quietly shipped the secret weapon for the “one bot to rule them all” problem. Dewain Robinson has the full details, follow his channel!","","",MEMBER_NETWORK
2024-11-23 15:44:03,https://www.linkedin.com/feed/update/urn%3Ali%3Ashare%3A7266114284563099648,"As my work at Microsoft wraps up, I am turning my attention back to the broader conversational AI ecosystem. I've seen the wave of disillusionment rising with LLM-based approaches and I believe it's largely due to misunderstanding of the technology and an under-appreciation of human capital. ""
""""
""What are some success stories of human-first AI products you have seen appear in the market? What is the next great opportunity you see being underserved?","","",MEMBER_NETWORK
2024-11-21 23:56:15,https://www.linkedin.com/feed/update/urn%3Ali%3Ashare%3A7265513373633527808,Work with Morgan!,"","",MEMBER_NETWORK
2024-11-21 20:54:06,https://www.linkedin.com/feed/update/urn%3Ali%3Ashare%3A7265467534978539520,This is a even bigger problem when you start letting your organization create agents! Microsoft is one of the few enterprise vendors I know off that is providing this kind of oversight and auditing abilities. If you are trialing a AI vendor they better offer functionality like this out of the box.,"","",MEMBER_NETWORK
2024-11-21 03:17:23,https://www.linkedin.com/feed/update/urn%3Ali%3AugcPost%3A7265201603068993538,Jack Rowbotham does an amazing job here (and in general) laying down some copilot facts.,"","",MEMBER_NETWORK
2024-11-20 21:26:46,https://www.linkedin.com/feed/update/urn%3Ali%3AugcPost%3A7265113367034376194,Great stuff here from Jamie Flores,"","",MEMBER_NETWORK
2024-11-20 16:05:21,https://www.linkedin.com/feed/update/urn%3Ali%3Ashare%3A7265032480632512512,Bluesky is adding 1m users A DAY.,"","",MEMBER_NETWORK
2024-11-19 22:03:59,https://www.linkedin.com/feed/update/urn%3Ali%3Ashare%3A7264760344995082240,My team really killed it today at the Microsoft Copilot Studio Keynote. Extra kudos to my multi-modal design team led by Susan Daniel and my GPM Hardik Modi and Director of product Aarthy Longino for creating such a compelling story of how Copilot Studio is the center of the universe for conversational ai at Microsoft . Catch the rerun here it when its processed https://lnkd.in/gs_V_GpW,"","",MEMBER_NETWORK
2024-11-19 19:45:10,https://www.linkedin.com/feed/update/urn%3Ali%3AugcPost%3A7264725412583219200,"Ok, so why not chatbots? Why not copilots? The naming convention here is poorly understood and there is even less consensus amongst that understanding! My take in how to think about these things are:""
""""
""Copilots are Microsoft's product area. You can exists in this area as an agent, but the copilot controls the experience, the persona, and the access to data and services.""
""""
""Agents are the delivery paradigm. Knowledge sources exist to ground data for RAG operations, actions and connectors provide enterprise access to business data and processes. In these worlds, you will be a value add-on to the work that LLM leaders are doing to improve auto-generated experience, and at the end of the day your tools will be subservient to this.""
""""
""Companies absolutely will have the freedom to shake off the chains of the Copilot experience, but it won't be affordable either in time or in effort. This means that most copilot customers will be opting into Microsoft control of the presentation layer, just as they do in Office products or the desktop OS.""
""""
""This doesn't mean your knowledge workers are going to lose total agency. The roadmap for human in the loop expertise is going to be more essential now than ever. The job to be done now is data curation, process authoring, and business rules arbitration. Agents as a brand appeals to the c-level as a way to augment, even replace human capital, but the promise of that is still a rolling five years away, same as it has been for awhile. In the meantime workers will have big part to play in how they slot in the governance and creation of these tools, and customers as well will speak with their dollars on whether these new experiences are truly worth the cost.","","",MEMBER_NETWORK
2024-11-19 17:07:52,https://www.linkedin.com/feed/update/urn%3Ali%3Ashare%3A7264685827819995136,"When you are wondering why you'd go with Microsoft, is because they have a huge team working on very difficult problems. Leveraging this expertise is super helpful in creating agents for your business.","","",MEMBER_NETWORK
2024-11-19 15:44:53,https://www.linkedin.com/feed/update/urn%3Ali%3Ashare%3A7264664941666664449,"They are here! After teasing these for a long time - Microsoft has released their vision for agents. ""
""""
""The most interesting new thing here for veterans in the conversational space is the renewed importance of enterprise compliance, deeper integration with graph search, and the ability to use event based triggering to kick off a process. ""
""""
""Stay tuned for more announcements throughout the day - it’s going to get good!","","",MEMBER_NETWORK
2024-11-18 13:56:24,https://www.linkedin.com/feed/update/urn%3Ali%3Ashare%3A7264275254821203968,These are the agents pros at Microsoft! Check out some of the awesomeness they are dropping this week!,"","",MEMBER_NETWORK
2024-11-14 02:06:56,https://www.linkedin.com/feed/update/urn%3Ali%3Ashare%3A7262647159454334977,It's very gratifying to know I've made a lot of friends in the industry who are keeping an eye out for me. I see you folks!,"","",MEMBER_NETWORK
2024-11-13 16:26:42,https://www.linkedin.com/feed/update/urn%3Ali%3Ashare%3A7262501138900373504,"Happy to share that I am now available for freelance work and open opportunities in AI leadership strategy for your team! Having trouble keeping track of the latest trends? Struggling with reconciling your knowledge expertise with your organization chart? I am available for product strategy whiteboard sessions and longer term embedded planning and training sessions. Let me help you like i’ve helped hundreds of companies get a plan in motion that can take your most important competitive advantage, human expertise, and help it move at the speed of business.""
""""
""My DM’s are open!","","",MEMBER_NETWORK
2024-10-31 19:26:36,https://www.linkedin.com/feed/update/urn%3Ali%3Ashare%3A7257835369298026498,"Knowing how to create a prompt-based agent is a whole new discipline. To get setup for success, we need best practices and guidance for our new generation of agent builders. Templates are a great way to review patterns that will set your agent up for success.","","",MEMBER_NETWORK
2024-10-30 21:21:37,https://www.linkedin.com/feed/update/urn%3Ali%3Ashare%3A7257501928413122560,Work with Taylor!!,"","",MEMBER_NETWORK
2024-10-29 14:59:48,https://www.linkedin.com/feed/update/urn%3Ali%3Ashare%3A7257043451777560578,"Exciting new stuff coming soon to Copilot Studio ""
""""
""https://lnkd.in/gUSEWEve","","",MEMBER_NETWORK
2024-10-28 16:22:53,https://www.linkedin.com/feed/update/urn%3Ali%3AugcPost%3A7256701973977026561,Work with Lynn! He runs great teams!,"","",MEMBER_NETWORK
2024-10-17 19:21:14,https://www.linkedin.com/feed/update/urn%3Ali%3AugcPost%3A7252760588861259776,Hire Matt! What are you waiting for????,"","",MEMBER_NETWORK
2024-10-17 18:40:25,https://www.linkedin.com/feed/update/urn%3Ali%3Ashare%3A7252750319447617540,Going to start paywalling recruiter calls.,"","",MEMBER_NETWORK
2024-10-08 22:16:10,https://www.linkedin.com/feed/update/urn%3Ali%3Ashare%3A7249543120780996608,"After way too long, happy to share that we now have a ""What’s new"" page to share with the world when we announce new features, especially outside marketing windows.""
"" ""
""You can view it here:""
""http://aka.ms/mcswhatsnew""
""https://lnkd.in/gXuz_Mra""
""https://lnkd.in/gPtwkuKv""
"" ""
""This joins the release planner as an important notification source when we land new functionality in Copilot Studio.",http://aka.ms/mcswhatsnew,"",MEMBER_NETWORK
2024-10-01 15:41:29,https://www.linkedin.com/feed/update/urn%3Ali%3AugcPost%3A7246907082669506560,"The one thing that is clear is that the conversational ai world is now by default multi-modal. End-users, especially younger ones, expect the ability to not have to talk to your company on the phone or play phone tag, or having to switch to long-form email support. They want to at mention your company, they want to hold up a problem to a web cam. They want to get it done in their modality of choice!","","",MEMBER_NETWORK
2024-09-24 23:40:57,https://www.linkedin.com/feed/update/urn%3Ali%3AugcPost%3A7244491027321872384,Work with Sarah!,"","",MEMBER_NETWORK
2024-09-23 18:07:18,https://www.linkedin.com/feed/update/urn%3Ali%3Ashare%3A7244044676867985411,Work with Zohreh!,"","",MEMBER_NETWORK
2024-09-20 17:53:13,https://www.linkedin.com/feed/update/urn%3Ali%3Ashare%3A7242953967884738560,This is a great video!,"","",MEMBER_NETWORK
2024-08-20 14:21:29,https://www.linkedin.com/feed/update/urn%3Ali%3Ashare%3A7231666656366747649,Work with Olivia!!,"","",MEMBER_NETWORK
2024-07-25 14:43:09,https://www.linkedin.com/feed/update/urn%3Ali%3Ashare%3A7222250026452889600,The biggest acceleration I see right now in consumer patience wearing thin is the push to remove human in the loop scenarios from the GTM plan. You won't succeed without information workers.,"","",MEMBER_NETWORK
2024-07-13 14:53:12,https://www.linkedin.com/feed/update/urn%3Ali%3Ashare%3A7217903902170468352,As a pm what are you doing to insulate your product from the coming disillusionment wave? https://lnkd.in/gYU6U8vE,https://futurism.com/the-byte/people-hate-ai-customer-service,"",MEMBER_NETWORK
2024-07-09 18:12:27,https://www.linkedin.com/feed/update/urn%3Ali%3Ashare%3A7216504492593201152,"Dewain again explaining my features better than I could, much thanks!!","","",MEMBER_NETWORK
2024-06-11 13:30:04,https://www.linkedin.com/feed/update/urn%3Ali%3Ashare%3A7206286569056403457,"","","",MEMBER_NETWORK
2024-06-09 14:58:14,https://www.linkedin.com/feed/update/urn%3Ali%3Ashare%3A7205583979519827968,Really enjoy helping teams close deals with smart customers who can really engage the quality aspects of our stack and challenge us to be better. ,"","",MEMBER_NETWORK
2024-06-05 22:30:53,https://www.linkedin.com/feed/update/urn%3Ali%3Ashare%3A7204248341252091905,Work with Eyal!!!!,"","",MEMBER_NETWORK
2024-05-23 22:00:35,https://www.linkedin.com/feed/update/urn%3Ali%3Ashare%3A7199529675411374083,NBD Just my CEO talking in front of the product I work on,"","",MEMBER_NETWORK
2024-05-23 14:02:31,https://www.linkedin.com/feed/update/urn%3Ali%3AugcPost%3A7199409362761601025,Another day of folks standing in front of my team's hard work! Feeling PRETTY GOOD.,"","",MEMBER_NETWORK
2024-05-21 23:12:33,https://www.linkedin.com/feed/update/urn%3Ali%3Ashare%3A7198823009116168192,Work with Marc! and me!,"","",MEMBER_NETWORK
2024-05-21 16:40:29,https://www.linkedin.com/feed/update/urn%3Ali%3Ashare%3A7198724343458115586,https://lnkd.in/gkBcWjXy A subtle but powerful feature is live!,https://x.com/microsofttech/status/1792954866827960480,"",MEMBER_NETWORK
2024-05-20 14:18:07,https://www.linkedin.com/feed/update/urn%3Ali%3Ashare%3A7198326126862110720,"At Microsoft Build there are three chances to hear about what my team has been working on! ""
""""
""BRK210: What's new with Microsoft Copilot Studio""
""BRK209: Secure and govern AI copilots for enterprise-grade low-code solutions ""
""BRK225: Secure your AI application transformation with Microsoft Security""
""""
""Add them to your backpack now! ""
""""
""https://lnkd.in/g5FKWFns",https://build.microsoft.com/,"",MEMBER_NETWORK
2024-05-20 14:08:29,https://www.linkedin.com/feed/update/urn%3Ali%3Ashare%3A7198323705125494785,Getting a customer requirement that the generative ai response should be also the same answer verbatim every time makes me feel weird when I remind folks that APIs exist.,"","",MEMBER_NETWORK
2024-05-17 17:44:00,https://www.linkedin.com/feed/update/urn%3Ali%3Ashare%3A7197290775276118016,"If you haven't made an offer to Taylor yet, for some reason you are in luck. Talk to her! Now!","","",MEMBER_NETWORK
2024-05-16 15:05:01,https://www.linkedin.com/feed/update/urn%3Ali%3Ashare%3A7196888379953676288,We are shipping all the things! Load up your calendars today!,"","",MEMBER_NETWORK
2024-05-08 14:58:39,https://www.linkedin.com/feed/update/urn%3Ali%3Ashare%3A7193987672292446208,Work with Gaby!!!,"","",MEMBER_NETWORK
2024-05-06 15:17:52,https://www.linkedin.com/feed/update/urn%3Ali%3Ashare%3A7193267735643000833,"Happy ""PM's seeing the feature work e2e finally with graceful error handling"" season to all who celebrate!","","",MEMBER_NETWORK
2024-04-21 18:54:22,https://www.linkedin.com/feed/update/urn%3Ali%3Ashare%3A7187886401990848513,"","","",MEMBER_NETWORK
2024-04-12 19:19:44,https://www.linkedin.com/feed/update/urn%3Ali%3Ashare%3A7184631294679515137,Work with Henry!,"","",MEMBER_NETWORK
2024-04-11 20:00:11,https://www.linkedin.com/feed/update/urn%3Ali%3Ashare%3A7184279085689315329,HIRE ERIC!!,"","",MEMBER_NETWORK
2024-03-27 15:01:14,https://www.linkedin.com/feed/update/urn%3Ali%3AugcPost%3A7178768035866968065,You absolutely need to hire EMi Spicer. DO IT NOW,"","",MEMBER_NETWORK
2024-03-25 15:14:39,https://www.linkedin.com/feed/update/urn%3Ali%3Ashare%3A7178046636051345408,"Good paper repository on LLM data leakage ""
""""
""https://lnkd.in/guE8SR4j""
""","","",MEMBER_NETWORK
2024-03-22 15:53:39,https://www.linkedin.com/feed/update/urn%3Ali%3Ashare%3A7176969287767654401,Hire Taylor Barnett-Torabi!!! Do it!,"","",MEMBER_NETWORK
2024-03-20 20:22:48,https://www.linkedin.com/feed/update/urn%3Ali%3AugcPost%3A7176312243947544576,Hire Doc!!!,"","",MEMBER_NETWORK
2024-03-18 14:15:03,https://www.linkedin.com/feed/update/urn%3Ali%3Ashare%3A7175494919136931842,This is going to be so useful!!,"","",MEMBER_NETWORK
2024-03-14 16:35:33,https://www.linkedin.com/feed/update/urn%3Ali%3Ashare%3A7174080725908881410,Work with Katrina!!,"","",MEMBER_NETWORK
2024-01-31 15:29:32,https://www.linkedin.com/feed/update/urn%3Ali%3AugcPost%3A7158481435148873728,Susy Yang is awesome! Hire her before someone else gets her!,"","",MEMBER_NETWORK
2024-01-17 17:22:25,https://www.linkedin.com/feed/update/urn%3Ali%3Ashare%3A7153436412208406528,Work with Eric!!!,"","",MEMBER_NETWORK
2023-12-08 15:47:20,https://www.linkedin.com/feed/update/urn%3Ali%3AgroupPost%3A12333917-7138916967725367296,"Even if you arent building your own LLM Tools, this is a great primer to how Microsoft thinks about building our own!","","",MEMBER_NETWORK
2023-12-08 15:47:06,https://www.linkedin.com/feed/update/urn%3Ali%3Ashare%3A7138916910913515520,"Even if you arent building your own LLM Tools, this is a great primer to how Microsoft thinks about building our own!","","",MEMBER_NETWORK
2023-12-01 16:23:38,https://www.linkedin.com/feed/update/urn%3Ali%3Ashare%3A7136389388585893892,Very proud and glad to see this in the wild - getting started with gen AI powered chat experiences has never been easier! Read the blog post for more details! #genai #llm #enterprise,"","",MEMBER_NETWORK
2023-11-15 17:07:13,https://www.linkedin.com/feed/update/urn%3Ali%3Ashare%3A7130602151554256897,And on the techcrunch!,https://techcrunch.com/2023/11/15/microsoft-now-has-a-copilot-for-almost-everything/?guccounter=1&guce_referrer=aHR0cHM6Ly9zdGF0aWNzLnRlYW1zLmNkbi5vZmZpY2UubmV0Lw&guce_referrer_sig=AQAAAHVsJOo6m_yzfeU0CUTv1Z5iKUDQ_sXMNJ-o_olkS5bt8voUlxwyuhgL8Iyy44SxH-utdyEqBhkNVcvLnVQiIh1wL7Vx_DT9RVddfNtv1QLGLdgID4asxZoaNAwhiHSnDbbKEM1Vl7RwfokpDWxM5VzvzoCg1wTcek4CiTiL6jW2,"",MEMBER_NETWORK
2023-11-15 16:47:46,https://www.linkedin.com/feed/update/urn%3Ali%3Ashare%3A7130597259385204737,"And in my other area, proud to bring generative ai answers to your customer engagement hubs!""
""","","",MEMBER_NETWORK
2023-11-15 16:22:17,https://www.linkedin.com/feed/update/urn%3Ali%3Ashare%3A7130590844511801344,Your one-stop Microsoft Copilot shop is here!,"","",MEMBER_NETWORK
2023-10-19 15:55:33,https://www.linkedin.com/feed/update/urn%3Ali%3Ashare%3A7120799646519590912,"https://lnkd.in/gXm7YH-C""
""""
""I used to do stuff like this!",https://whathappenedtochiptune.org/episodes/peter-swimm,"",MEMBER_NETWORK
2023-10-02 15:31:37,https://www.linkedin.com/feed/update/urn%3Ali%3Ashare%3A7114633026919174144,"","","",MEMBER_NETWORK
2023-09-28 16:29:06,https://www.linkedin.com/feed/update/urn%3Ali%3Ashare%3A7113197941246349314,"","","",MEMBER_NETWORK
2023-09-23 18:32:11,https://www.linkedin.com/feed/update/urn%3Ali%3Ashare%3A7111416980036849664,Work with Dennis!!,"","",MEMBER_NETWORK
2023-09-21 15:26:12,https://www.linkedin.com/feed/update/urn%3Ali%3Ashare%3A7110645399853428736,"","","",MEMBER_NETWORK
2023-09-07 13:32:55,https://www.linkedin.com/feed/update/urn%3Ali%3Ashare%3A7105543457795948544,Work with Meredith!!,"","",MEMBER_NETWORK
2023-08-28 20:13:39,https://www.linkedin.com/feed/update/urn%3Ali%3AugcPost%3A7102020427077562369,"","","",MEMBER_NETWORK
2023-08-10 15:29:34,https://www.linkedin.com/feed/update/urn%3Ali%3Ashare%3A7095425956667928576,"","","",MEMBER_NETWORK
2023-08-10 15:27:53,https://www.linkedin.com/feed/update/urn%3Ali%3AugcPost%3A7095425529956225024,"","","",MEMBER_NETWORK
2023-08-10 15:26:05,https://www.linkedin.com/feed/update/urn%3Ali%3Ashare%3A7095425078561034240,"","","",MEMBER_NETWORK
2023-07-24 23:53:30,https://www.linkedin.com/feed/update/urn%3Ali%3Ashare%3A7089392179881676800,"","","",MEMBER_NETWORK
2023-07-14 15:29:48,https://www.linkedin.com/feed/update/urn%3Ali%3AgroupPost%3A12333917-7085641541477662721,Dewain Robinson has posted this great tutorial on setting up Azure's Cognitive Language Understanding with Power Virtual Agents. Looking to try this out with your own bots? Let me know!,"","",MEMBER_NETWORK
2023-07-14 15:29:32,https://www.linkedin.com/feed/update/urn%3Ali%3Ashare%3A7085641475115413504,Dewain Robinson has posted this great tutorial on setting up Azure's Cognitive Language Understanding with Power Virtual Agents. Looking to try this out with your own bots? Let me know!,"","",MEMBER_NETWORK
2023-07-11 15:07:47,https://www.linkedin.com/feed/update/urn%3Ali%3Ashare%3A7084548838941720576,"","","",MEMBER_NETWORK
2023-06-23 17:35:48,https://www.linkedin.com/feed/update/urn%3Ali%3AugcPost%3A7078063106530160640,Really great profile featuring two of my highly talented coworkers Susy Yang and Alicia Cales!,"","",MEMBER_NETWORK
2023-06-23 16:08:35,https://www.linkedin.com/feed/update/urn%3Ali%3Ashare%3A7078041157288525824,"","","",MEMBER_NETWORK
2023-06-22 15:10:45,https://www.linkedin.com/feed/update/urn%3Ali%3Ashare%3A7077664215880134656,"","","",MEMBER_NETWORK
2023-06-21 18:04:15,https://www.linkedin.com/feed/update/urn%3Ali%3Ashare%3A7077345489582510080,"","","",MEMBER_NETWORK
2023-06-15 23:13:10,https://www.linkedin.com/feed/update/urn%3Ali%3Ashare%3A7075248902353932288,"","","",MEMBER_NETWORK
2023-06-10 03:37:04,https://www.linkedin.com/feed/update/urn%3Ali%3Ashare%3A7073140988755521536,"","","",MEMBER_NETWORK
2023-06-02 14:58:07,https://www.linkedin.com/feed/update/urn%3Ali%3AugcPost%3A7070413279000481793,"","","",MEMBER_NETWORK
2023-06-01 15:57:31,https://www.linkedin.com/feed/update/urn%3Ali%3Ashare%3A7070065838619332608,"","","",MEMBER_NETWORK
2023-05-25 17:13:29,https://www.linkedin.com/feed/update/urn%3Ali%3AugcPost%3A7067548242632183808,"","","",MEMBER_NETWORK
2023-05-23 17:27:57,https://www.linkedin.com/feed/update/urn%3Ali%3Ashare%3A7066827104222400512,"For more on our massive release today, check out","","",MEMBER_NETWORK
2023-05-23 17:19:16,https://www.linkedin.com/feed/update/urn%3Ali%3Ashare%3A7066824920776769536,"","","",MEMBER_NETWORK
2023-05-23 15:57:19,https://www.linkedin.com/feed/update/urn%3Ali%3Ashare%3A7066804296629026817,"Introducing Powerful Chatbot Experiences: Azure Cognitive Services Conversational Language Understanding Integration with Power Virtual Agents""
""""
""Power Virtual Agents is pleased to announce that a new integration of Azure Cognitive Services Conversational Language Understanding (CLU) with Microsoft's Power Virtual Agents (PVA), unlocking a whole new level of sophistication and intelligence for your chatbot experiences, is now available in preview. With this integration, you can now harness the power of natural language processing (NLP) to create truly exceptional conversational interfaces.""
""""
""Read more about this here: https://lnkd.in/g48DEt6f""
"" ""
""PVA has been empowering organizations to build chatbots without the need for extensive coding or AI expertise. Now, by seamlessly integrating Conversational Language Understanding (CLU), you can take your chatbot interactions to the next level, providing more sophisticated and personalized responses to your users' queries.""
""""
""Some of the key benefits of using CLU with PVA include:""
""""
""1. Enhanced Natural Language Processing (NLP): By leveraging Language Understanding, your chatbot can better understand the nuances of human language. With advanced NLP capabilities, your bot can interpret user intent, extract key information, and respond intelligently. This means your chatbot can handle a wide range of user inputs, even accounting for variations in phrasing and context, resulting in more accurate and meaningful conversations.""
""""
""2. Improved Intent Recognition and Entity Extraction: Language Understanding allows you to define intents and entities specific to your organization and domain. Your chatbot can now identify user intents with higher precision, enabling it to provide more relevant and context-aware responses. Whether it's extracting customer details, understanding user preferences, or handling complex queries, CLU empowers your chatbot to deliver exceptional user experiences.""
""""
""3. Seamless Integration and Easy Configuration: Integrating CLU into PVA is a breeze. With a user-friendly interface and onboarding wizard, you can effortlessly configure the language model, intents, and entities that power your chatbot. The intuitive design and simplified setup process ensure that you can start leveraging NLP capabilities without any significant development effort.""
""""
""4. Rapid Iteration and Continuous Improvement: With CLU, you can continually refine and improve your chatbot's language understanding capabilities. The integration enables you to gather insights from user interactions, identify areas for improvement, and iteratively train your language models. This iterative approach ensures that your chatbot evolves over time, delivering increasingly accurate and context-aware responses.""
""""
""""
""#azure #ai #microsoft #nlp #intelligence #language #development",https://learn.microsoft.com/en-us/power-virtual-agents/advanced-clu-integration,"",MEMBER_NETWORK
2023-05-22 00:04:18,https://www.linkedin.com/feed/update/urn%3Ali%3Ashare%3A7066202077105958912,"","","",MEMBER_NETWORK
2023-05-21 15:28:27,https://www.linkedin.com/feed/update/urn%3Ali%3AugcPost%3A7066072256921178112,"","","",MEMBER_NETWORK
2023-05-01 14:24:17,https://www.linkedin.com/feed/update/urn%3Ali%3Ashare%3A7058808350993481728,"","","",MEMBER_NETWORK
2023-04-30 16:50:37,https://www.linkedin.com/feed/update/urn%3Ali%3Ashare%3A7058482789263806464,"","","",MEMBER_NETWORK
2023-04-25 20:40:51,https://www.linkedin.com/feed/update/urn%3Ali%3Ashare%3A7056728789657006081,Jordan Gray is #hiring. Know anyone who might be interested?,"","",MEMBER_NETWORK
2023-04-16 15:58:10,https://www.linkedin.com/feed/update/urn%3Ali%3Ashare%3A7053396161080020992,"","","",MEMBER_NETWORK
2023-04-06 20:07:56,https://www.linkedin.com/feed/update/urn%3Ali%3Ashare%3A7049835135499726849,"","","",MEMBER_NETWORK
2023-04-04 14:37:04,https://www.linkedin.com/feed/update/urn%3Ali%3Ashare%3A7049027094307115008,"","","",MEMBER_NETWORK
2023-03-30 20:07:58,https://www.linkedin.com/feed/update/urn%3Ali%3Ashare%3A7047298428900413440,"","","",MEMBER_NETWORK
2023-03-17 17:32:48,https://www.linkedin.com/feed/update/urn%3Ali%3Ashare%3A7042548340705697792,"","","",MEMBER_NETWORK
2023-03-16 19:21:49,https://www.linkedin.com/feed/update/urn%3Ali%3AugcPost%3A7042213386981433344,"","","",MEMBER_NETWORK
2023-03-16 19:21:40,https://www.linkedin.com/feed/update/urn%3Ali%3AugcPost%3A7042213347907305473,"Ricky will absolutely do the things you need, and the things you didn't realize you did! Talk to him!","","",MEMBER_NETWORK
2023-03-16 16:34:47,https://www.linkedin.com/feed/update/urn%3Ali%3AugcPost%3A7042171350752391168,"","","",MEMBER_NETWORK
2023-03-15 22:40:23,https://www.linkedin.com/feed/update/urn%3Ali%3AugcPost%3A7041900971387490304,Hire Luis!!!,"","",MEMBER_NETWORK
2023-03-11 16:05:47,https://www.linkedin.com/feed/update/urn%3Ali%3Ashare%3A7040352113792602112,Hire mike!!,"","",MEMBER_NETWORK
2023-03-08 00:14:34,https://www.linkedin.com/feed/update/urn%3Ali%3Ashare%3A7039025567412736000,"","","",MEMBER_NETWORK
2023-03-07 22:15:02,https://www.linkedin.com/feed/update/urn%3Ali%3Ashare%3A7038995485453406208,"really bummed to hear about some great colleagues in my group catching a layoff - if anyone needs a referral, recommendation, or resume review - just let me know!","","",MEMBER_NETWORK
2023-03-06 22:34:45,https://www.linkedin.com/feed/update/urn%3Ali%3AugcPost%3A7038638061961822208,"","","",MEMBER_NETWORK
2023-03-06 16:14:40,https://www.linkedin.com/feed/update/urn%3Ali%3Ashare%3A7038542411437916160,"","","",MEMBER_NETWORK
2023-02-24 16:33:04,https://www.linkedin.com/feed/update/urn%3Ali%3AugcPost%3A7034923160181383168,Work with Nel!,"","",MEMBER_NETWORK
2023-02-22 00:57:39,https://www.linkedin.com/feed/update/urn%3Ali%3Ashare%3A7033962981046583296,Work with Jason! (and Michael!),"","",MEMBER_NETWORK
2023-02-16 20:49:53,https://www.linkedin.com/feed/update/urn%3Ali%3AugcPost%3A7032088688113172480,"","","",MEMBER_NETWORK
2023-02-10 16:54:46,https://www.linkedin.com/feed/update/urn%3Ali%3Ashare%3A7029855194192515072,"","","",MEMBER_NETWORK
2023-02-03 22:45:40,https://www.linkedin.com/feed/update/urn%3Ali%3Ashare%3A7027406783606394880,This is gonna be great - DO NOT MISS THIS,"","",MEMBER_NETWORK
2023-02-01 16:58:53,https://www.linkedin.com/feed/update/urn%3Ali%3AugcPost%3A7026594736266252288,Work with Corey!!,"","",MEMBER_NETWORK
2023-01-31 21:45:20,https://www.linkedin.com/feed/update/urn%3Ali%3Ashare%3A7026304435769249792,Work with Tyler!!!,"","",MEMBER_NETWORK
2023-01-26 16:01:25,https://www.linkedin.com/feed/update/urn%3Ali%3Ashare%3A7024405950497230849,"","","",MEMBER_NETWORK
2023-01-25 21:32:38,https://www.linkedin.com/feed/update/urn%3Ali%3Ashare%3A7024126915082952704,"Ricky is amazing and smart! If you got roles, he can fill 'em!","","",MEMBER_NETWORK
2023-01-23 17:38:53,https://www.linkedin.com/feed/update/urn%3Ali%3Ashare%3A7023343313378308096,"","","",MEMBER_NETWORK
2023-01-23 17:38:43,https://www.linkedin.com/feed/update/urn%3Ali%3Ashare%3A7023343271825330177,"It’s rough at the megacorps right now - anyone affected who needs a resume read or a mock interview, please hit me up, I will be glad to help. If we are mutuals, I can be a reference.","","",MEMBER_NETWORK
2023-01-20 22:58:36,https://www.linkedin.com/feed/update/urn%3Ali%3Ashare%3A7022336609601679363,"","","",MEMBER_NETWORK
2023-01-20 15:12:46,https://www.linkedin.com/feed/update/urn%3Ali%3Ashare%3A7022219380151263232,"Disgusted by the assertion that tech layoffs are cutting loose the Chaffe when in reality, it's targeting completely arbitrary KPIs to save the butts of the decision-makers too weak to stand up for past decisions and protect their people.","","",MEMBER_NETWORK
2023-01-19 23:40:16,https://www.linkedin.com/feed/update/urn%3Ali%3Ashare%3A7021984707101761536,"","","",MEMBER_NETWORK
2023-01-19 03:57:46,https://www.linkedin.com/feed/update/urn%3Ali%3Ashare%3A7021687120926806016,"","","",MEMBER_NETWORK
2023-01-19 03:56:49,https://www.linkedin.com/feed/update/urn%3Ali%3Ashare%3A7021686883122364418,"","","",MEMBER_NETWORK
2023-01-19 03:56:38,https://www.linkedin.com/feed/update/urn%3Ali%3Ashare%3A7021686837861634048,"","","",MEMBER_NETWORK
2023-01-19 03:56:21,https://www.linkedin.com/feed/update/urn%3Ali%3Ashare%3A7021686765652512769,"","","",MEMBER_NETWORK
2023-01-13 14:50:09,https://www.linkedin.com/feed/update/urn%3Ali%3Ashare%3A7019676971508924416,"","","",MEMBER_NETWORK
2023-01-11 15:54:52,https://www.linkedin.com/feed/update/urn%3Ali%3Ashare%3A7018968481538727937,Work with Senthil!!,"","",MEMBER_NETWORK
2023-01-04 21:47:01,https://www.linkedin.com/feed/update/urn%3Ali%3Ashare%3A7016520387798724609,"","","",MEMBER_NETWORK
2023-01-04 17:04:45,https://www.linkedin.com/feed/update/urn%3Ali%3Ashare%3A7016449356270637056,Work with Senthil!,"","",MEMBER_NETWORK
2023-01-03 16:12:19,https://www.linkedin.com/feed/update/urn%3Ali%3Ashare%3A7016073767831429120,I made this when I was a blog curator but it's also my criteria on whom I like to work with.,"","",MEMBER_NETWORK
2022-12-25 16:47:24,https://www.linkedin.com/feed/update/urn%3Ali%3Ashare%3A7012821109905514496,"","","",MEMBER_NETWORK
2022-12-20 20:30:38,https://www.linkedin.com/feed/update/urn%3Ali%3Ashare%3A7011065350653968384,Work with Lynn!,"","",MEMBER_NETWORK
2022-12-19 17:14:10,https://www.linkedin.com/feed/update/urn%3Ali%3Ashare%3A7010653517967216640,"","","",MEMBER_NETWORK
2022-12-09 21:16:59,https://www.linkedin.com/feed/update/urn%3Ali%3Ashare%3A7007090744817565696,"","","",MEMBER_NETWORK
2022-12-09 21:16:47,https://www.linkedin.com/feed/update/urn%3Ali%3Ashare%3A7007090696465657856,"","","",MEMBER_NETWORK
2022-12-05 22:18:15,https://www.linkedin.com/feed/update/urn%3Ali%3Ashare%3A7005656611348246528,Hey hiring Managers! Ricky is AMAZING and would bolster your team!,"","",MEMBER_NETWORK
2022-11-30 17:20:51,https://www.linkedin.com/feed/update/urn%3Ali%3Ashare%3A7003769831984431104,"Work with Jason! If he is there, you know its gotta be good!","","",MEMBER_NETWORK
2022-11-30 17:20:20,https://www.linkedin.com/feed/update/urn%3Ali%3Ashare%3A7003769699306000385,"","","",MEMBER_NETWORK
2022-11-30 17:15:22,https://www.linkedin.com/feed/update/urn%3Ali%3Ashare%3A7003768449843830784,"Darren is such a damn good boss, get in on this.","","",MEMBER_NETWORK
2022-11-29 15:52:21,https://www.linkedin.com/feed/update/urn%3Ali%3Ashare%3A7003385169126584320,"","","",MEMBER_NETWORK
2022-11-28 22:36:44,https://www.linkedin.com/feed/update/urn%3Ali%3Ashare%3A7003124550322315264,"My friends at Mio are hiring! Come work with this rad group ""
""https://lnkd.in/gc344vx4","","",MEMBER_NETWORK
2022-11-26 21:28:12,https://www.linkedin.com/feed/update/urn%3Ali%3Ashare%3A7002382525905985536,"","","",MEMBER_NETWORK
2022-11-18 20:54:42,https://www.linkedin.com/feed/update/urn%3Ali%3Ashare%3A6999474991524188160,"","","",MEMBER_NETWORK
2022-11-17 16:26:36,https://www.linkedin.com/feed/update/urn%3Ali%3Ashare%3A6999045132062797824,"","","",MEMBER_NETWORK
2022-11-14 18:26:38,https://www.linkedin.com/feed/update/urn%3Ali%3Ashare%3A6997988180683603968,"","","",MEMBER_NETWORK
2022-11-10 17:29:29,https://www.linkedin.com/feed/update/urn%3Ali%3Ashare%3A6996524247674208256,https://lnkd.in/gV7-5rgj,"","",MEMBER_NETWORK
2022-11-10 17:26:04,https://www.linkedin.com/feed/update/urn%3Ali%3Ashare%3A6996523385635692545,"","","",MEMBER_NETWORK
2022-11-09 16:30:06,https://www.linkedin.com/feed/update/urn%3Ali%3Ashare%3A6996146915465719808,"","","",MEMBER_NETWORK
2022-11-07 21:52:11,https://www.linkedin.com/feed/update/urn%3Ali%3Ashare%3A6995503190775406592,This has to be the funniest thing I've ever seen on LinkedIn,"","",MEMBER_NETWORK
2022-11-01 18:00:00,https://www.linkedin.com/feed/update/urn%3Ali%3Ashare%3A6993270433408045056,"","","",MEMBER_NETWORK
2022-10-28 16:29:17,https://www.linkedin.com/feed/update/urn%3Ali%3Ashare%3A6991798053410156544,"I don't see any downsides to working from home. I have:""
""* More time to work without interruptions and commute time.""
""* Planning meetings go smoother and more politely when people cannot talk over each over in virtual chat.""
""* Real-time chat allows parallel discussion and easy whiteboarding while discussions occur.""
""* I'm not getting sick all the time and missing work.""
""""
""Why does it feel like return to the office is just throwing out all the remote work lessons we learned over the last two years?""
""","","",MEMBER_NETWORK
2022-10-26 16:03:22,https://www.linkedin.com/feed/update/urn%3Ali%3Ashare%3A6991066756219887617,"","","",MEMBER_NETWORK
2022-10-26 15:48:41,https://www.linkedin.com/feed/update/urn%3Ali%3Ashare%3A6991063062317334528,"","","",MEMBER_NETWORK
2022-10-25 21:18:24,https://www.linkedin.com/feed/update/urn%3Ali%3Ashare%3A6990783647876333568,"","","",MEMBER_NETWORK
2022-10-24 19:05:31,https://www.linkedin.com/feed/update/urn%3Ali%3Ashare%3A6990387818111922176,"","","",MEMBER_NETWORK
2022-09-19 14:54:11,https://www.linkedin.com/feed/update/urn%3Ali%3Ashare%3A6977640994137673728,"","","",MEMBER_NETWORK
2022-08-25 16:42:28,https://www.linkedin.com/feed/update/urn%3Ali%3Ashare%3A6968608547098038274,Work with Andrea!,"","",MEMBER_NETWORK
2022-07-29 16:06:37,https://www.linkedin.com/feed/update/urn%3Ali%3Ashare%3A6958815054968369153,Work with Irma!!,"","",MEMBER_NETWORK
2022-07-14 14:58:18,https://www.linkedin.com/feed/update/urn%3Ali%3Ashare%3A6953362045224325120,Work with Jack!!! Fun stuff coming!,"","",MEMBER_NETWORK
2022-07-13 19:00:00,https://www.linkedin.com/feed/update/urn%3Ali%3Ashare%3A6953060480173162496,Work with Ramit!!,"","",MEMBER_NETWORK
2022-07-01 15:40:28,https://www.linkedin.com/feed/update/urn%3Ali%3AugcPost%3A6948661613604335616,Work with Liz!,"","",MEMBER_NETWORK
2022-06-30 00:49:06,https://www.linkedin.com/feed/update/urn%3Ali%3Ashare%3A6948074903698894849,"","","",MEMBER_NETWORK
2022-06-25 00:57:20,https://www.linkedin.com/feed/update/urn%3Ali%3Ashare%3A6946265035757285376,"","","",MEMBER_NETWORK
2022-06-25 00:15:16,https://www.linkedin.com/feed/update/urn%3Ali%3Ashare%3A6946254449770184704,"","","",MEMBER_NETWORK
2022-06-25 00:14:52,https://www.linkedin.com/feed/update/urn%3Ali%3Ashare%3A6946254352214896640,"","","",MEMBER_NETWORK
2022-06-25 00:14:06,https://www.linkedin.com/feed/update/urn%3Ali%3Ashare%3A6946254155787231232,"Jessica is amazing, and you should absolutely hire her, but while you are looking at her profile, swing by her etsy store!","","",MEMBER_NETWORK
2022-06-21 16:08:45,https://www.linkedin.com/feed/update/urn%3Ali%3Ashare%3A6945044852057260034,"","","",MEMBER_NETWORK
2022-06-19 15:34:44,https://www.linkedin.com/feed/update/urn%3Ali%3Ashare%3A6944311516955373568,Hey folks! I've relocated to #bellevue and am looking for leads on a 3bdr family home rental in the area. Please amplify! #bellevuerealestate,"","",MEMBER_NETWORK
2022-06-09 22:28:00,https://www.linkedin.com/feed/update/urn%3Ali%3Ashare%3A6940791637803483136,"","","",MEMBER_NETWORK
2022-06-03 12:44:49,https://www.linkedin.com/feed/update/urn%3Ali%3Ashare%3A6938470549614452736,Work with Katrina!,"","",MEMBER_NETWORK
2022-06-01 13:59:38,https://www.linkedin.com/feed/update/urn%3Ali%3Ashare%3A6937764602172620800,"","","",MEMBER_NETWORK
2022-05-24 17:27:52,https://www.linkedin.com/feed/update/urn%3Ali%3Ashare%3A6934917902617780225,"","","",MEMBER_NETWORK
2022-05-24 16:32:09,https://www.linkedin.com/feed/update/urn%3Ali%3Ashare%3A6934903882120654848,"","","",MEMBER_NETWORK
2022-05-24 16:26:15,https://www.linkedin.com/feed/update/urn%3Ali%3Ashare%3A6934902396527525888,"Wondering what is next for Microsoft Conversational AI? Wonder no further! ""
""""
""https://lnkd.in/g9e7-yrP","","",MEMBER_NETWORK
2022-05-17 13:51:55,https://www.linkedin.com/feed/update/urn%3Ali%3Ashare%3A6932326841013731328,Its gonna be GOOOOOOOD,"","",MEMBER_NETWORK
2022-05-13 16:14:21,https://www.linkedin.com/feed/update/urn%3Ali%3Ashare%3A6930913133280604160,"","","",MEMBER_NETWORK
2022-05-11 21:28:20,https://www.linkedin.com/feed/update/urn%3Ali%3Ashare%3A6930267376655454208,Work with Teri! #work,"","",MEMBER_NETWORK
2022-05-11 13:32:25,https://www.linkedin.com/feed/update/urn%3Ali%3Ashare%3A6930147604970307584,Work with Kendra! Her team is one of the best I've seen at Microsoft and is a great opportunity! If you need some coaching my dms are open!,"","",MEMBER_NETWORK
2022-05-05 21:00:58,https://www.linkedin.com/feed/update/urn%3Ali%3Ashare%3A6928086160900550656,Work with David!,"","",MEMBER_NETWORK
2022-05-05 15:54:17,https://www.linkedin.com/feed/update/urn%3Ali%3Ashare%3A6928008983064584192,Work with Ramit!,"","",MEMBER_NETWORK
2022-05-03 14:35:18,https://www.linkedin.com/feed/update/urn%3Ali%3Ashare%3A6927264328081444864,work with shawn!!!,"","",MEMBER_NETWORK
2022-04-27 14:07:01,https://www.linkedin.com/feed/update/urn%3Ali%3Ashare%3A6925082883275579393,Work for Lucas!!,"","",MEMBER_NETWORK
2022-03-31 16:10:14,https://www.linkedin.com/feed/update/urn%3Ali%3Ashare%3A6915329419616157696,"","","",MEMBER_NETWORK
2022-03-30 20:54:21,https://www.linkedin.com/feed/update/urn%3Ali%3Ashare%3A6915038533632090112,"","","",MEMBER_NETWORK
2022-03-25 18:54:08,https://www.linkedin.com/feed/update/urn%3Ali%3Ashare%3A6913196339333935104,Work with Elizabeth!!!,"","",MEMBER_NETWORK
2022-03-25 14:09:40,https://www.linkedin.com/feed/update/urn%3Ali%3Ashare%3A6913124749845938176,Work with Darren!!!,"","",MEMBER_NETWORK
2022-03-24 20:16:43,https://www.linkedin.com/feed/update/urn%3Ali%3Ashare%3A6912854735679090688,Work with Irma Kramer!!!,"","",MEMBER_NETWORK
2022-03-22 22:53:09,https://www.linkedin.com/feed/update/urn%3Ali%3AugcPost%3A6912169328733814784,"","","",MEMBER_NETWORK
2022-03-21 23:59:20,https://www.linkedin.com/feed/update/urn%3Ali%3Ashare%3A6911823596134813696,"","","",MEMBER_NETWORK
2022-03-08 22:57:19,https://www.linkedin.com/feed/update/urn%3Ali%3Ashare%3A6907096944917774336,Work with Bear!,"","",MEMBER_NETWORK
2022-03-08 13:52:50,https://www.linkedin.com/feed/update/urn%3Ali%3Ashare%3A6906959919392665600,Work with Michael!,"","",MEMBER_NETWORK
2022-03-04 16:59:43,https://www.linkedin.com/feed/update/urn%3Ali%3Ashare%3A6905557402637234176,rubs hands together!,"","",MEMBER_NETWORK
2022-03-02 19:13:42,https://www.linkedin.com/feed/update/urn%3Ali%3Ashare%3A6904866341929545728,Work with Jennifer!!!,"","",MEMBER_NETWORK
2022-03-01 15:36:06,https://www.linkedin.com/feed/update/urn%3Ali%3AugcPost%3A6904449193117655041,Work with Eslam!!,"","",MEMBER_NETWORK
2022-02-26 15:07:20,https://www.linkedin.com/feed/update/urn%3Ali%3Ashare%3A6903354792857481216,Work with Vishesh!!,"","",MEMBER_NETWORK
2022-02-12 15:06:23,https://www.linkedin.com/feed/update/urn%3Ali%3Ashare%3A6898281121847619584,Work with Michael!!,"","",MEMBER_NETWORK
2022-02-10 17:52:19,https://www.linkedin.com/feed/update/urn%3Ali%3Ashare%3A6897598105588523008,Work with Darren!!!,"","",MEMBER_NETWORK
2022-02-07 14:58:20,https://www.linkedin.com/feed/update/urn%3Ali%3Ashare%3A6896467157253795840,Work with Thomas! His team ripppps!,"","",MEMBER_NETWORK
2022-02-06 00:46:29,https://www.linkedin.com/feed/update/urn%3Ali%3Ashare%3A6895890392395468800,Andy Brown is #hiring. Know anyone who might be interested?,"","",MEMBER_NETWORK
2022-02-06 00:46:16,https://www.linkedin.com/feed/update/urn%3Ali%3Ashare%3A6895890340423831552,Come work with us!!,"","",MEMBER_NETWORK
2022-01-26 18:06:59,https://www.linkedin.com/feed/update/urn%3Ali%3Ashare%3A6892165979309273088,Work with Katrina!,"","",MEMBER_NETWORK
2022-01-26 14:14:46,https://www.linkedin.com/feed/update/urn%3Ali%3Ashare%3A6892107540663037952,Work with Eslam!,"","",MEMBER_NETWORK
2022-01-21 14:49:02,https://www.linkedin.com/feed/update/urn%3Ali%3Ashare%3A6890304221284048896,Listen to him!,"","",MEMBER_NETWORK
2022-01-19 14:59:37,https://www.linkedin.com/feed/update/urn%3Ali%3Ashare%3A6889582109049147392,One year on the job and it keeps getting better! Thanks to all my friends and colleagues for making this year one of the most exciting ones to date!,"","",MEMBER_NETWORK
2022-01-14 13:45:00,https://www.linkedin.com/feed/update/urn%3Ali%3Ashare%3A6887751392463863808,Work with Darren!,"","",MEMBER_NETWORK
2022-01-06 16:52:18,https://www.linkedin.com/feed/update/urn%3Ali%3Ashare%3A6884899425987248128,Reach out to Matt!,"","",MEMBER_NETWORK
2022-01-04 13:20:05,https://www.linkedin.com/feed/update/urn%3Ali%3Ashare%3A6884121245118545920,We are hiring~! If you see a role you like dm me!,https://nam06.safelinks.protection.outlook.com/?url=https%3A%2F%2Fcareers.microsoft.com%2Fus%2Fen%2Fsearch-results%3Fkeywords%3D%2523bapjobs&data=04%7C01%7Cpeterswimm%40microsoft.com%7C3bfea697271d4e2266a308d9cf4bee4d%7C72f988bf86f141af91ab2d7cd011db47%7C1%7C0%7C637768747840462414%7CUnknown%7CTWFpbGZsb3d8eyJWIjoiMC4wLjAwMDAiLCJQIjoiV2luMzIiLCJBTiI6Ik1haWwiLCJXVCI6Mn0%3D%7C3000&sdata=vLMgFqIDXqQNRaPZd8emYLuJW2smngUViZ%2B2zFVnFAE%3D&reserved=0,"",MEMBER_NETWORK
2021-12-27 13:52:56,https://www.linkedin.com/feed/update/urn%3Ali%3Ashare%3A6881230408676106240,Work with Jon! Great team!,"","",MEMBER_NETWORK
2021-11-11 12:53:12,https://www.linkedin.com/feed/update/urn%3Ali%3Ashare%3A6864545532765896705,"","","",MEMBER_NETWORK
2021-11-11 12:52:57,https://www.linkedin.com/feed/update/urn%3Ali%3Ashare%3A6864545471583596545,Work with us!,"","",MEMBER_NETWORK
2021-10-26 15:14:00,https://www.linkedin.com/feed/update/urn%3Ali%3Ashare%3A6858782762174881792,Love to see it!,"","",MEMBER_NETWORK
2021-10-17 14:29:30,https://www.linkedin.com/feed/update/urn%3Ali%3Ashare%3A6855510070164299776,"","","",MEMBER_NETWORK
2021-10-14 12:46:35,https://www.linkedin.com/feed/update/urn%3Ali%3Ashare%3A6854397010733268992,"","","",MEMBER_NETWORK
2021-10-13 18:18:25,https://www.linkedin.com/feed/update/urn%3Ali%3Ashare%3A6854118129346375680,"","","",MEMBER_NETWORK
2021-10-01 18:26:05,https://www.linkedin.com/feed/update/urn%3Ali%3Ashare%3A6849771406142558208,"We are hiring! https://lnkd.in/eV28KucP""
""""
""ping me if interested! #hiring","","",MEMBER_NETWORK
2021-09-20 12:55:58,https://www.linkedin.com/feed/update/urn%3Ali%3Ashare%3A6845702059841396736,Work with Gaby!!,"","",MEMBER_NETWORK
2021-09-10 13:08:21,https://www.linkedin.com/feed/update/urn%3Ali%3Ashare%3A6842081300417933312,Bringing together the best of Microsoft's bot worlds! Love to see it!,"","",MEMBER_NETWORK
2021-08-18 12:29:33,https://www.linkedin.com/feed/update/urn%3Ali%3Ashare%3A6833736614901030914,"","","",MEMBER_NETWORK
2021-07-21 12:11:49,https://www.linkedin.com/feed/update/urn%3Ali%3Ashare%3A6823585289345261568,Great intro video!,"","",MEMBER_NETWORK
2021-06-15 14:47:32,https://www.linkedin.com/feed/update/urn%3Ali%3Ashare%3A6810578514685804544,"","","",MEMBER_NETWORK
2021-05-26 18:58:35,https://www.linkedin.com/feed/update/urn%3Ali%3Ashare%3A6803393937999495168,"Reminder! We are doing free 1:1 #BotFramework Consults through tomorrow at #microsoftbuild. Have questions about Composer, NLU or NLG Best practices, or just want to say hi? Visit:""
""https://lnkd.in/ebzbzBC""
""""
""choose Azure Conversational AI, and let us know more about your scenarios and challenges. We look forward to talking with you! #azure #ai #machinelearning #digitaltransformation",https://mybuild.microsoft.com/app-consult,https://ms-events.azureedge.net/build2021/Buildmetadata.png,MEMBER_NETWORK
2021-05-26 13:23:55,https://www.linkedin.com/feed/update/urn%3Ali%3Ashare%3A6803309714609381376,The Enterprise Template is a great launching point for seeing what a Composer-built bot can do - use it at the start of your bot journey or as a model for your team's own templates! #ai,"","",MEMBER_NETWORK
2021-05-26 13:19:26,https://www.linkedin.com/feed/update/urn%3Ali%3Ashare%3A6803308588451332096,Been talking to users all #microsoftbuild and it's awesome how much this update simplifies the process of making bots. Looking forward to seeing what awesome experiences our Composer users start shipping this summer! #chatbot  #botframework #app #conversationalai,"","",MEMBER_NETWORK
2021-05-25 15:22:35,https://www.linkedin.com/feed/update/urn%3Ali%3Ashare%3A6802977190691557376,"Today is the first day of Build! Read the following from my team:""
""""
""We're looking forward to the kick off of Microsoft Build 2021, which starts today, and the chance to talk more about the investments we have been making across Conversational AI at Microsoft. ""
""""
""We have a detailed article covering all of our announcements, including the release of Bot Framework Composer 2.0, how you can get started with building and publishing bots faster than ever before, and collaborate with anyone across your organization, thanks to deeper integration with Power Virtual Agents. You can find the article at https://lnkd.in/e_e9JnH.""
""""
""Across the Microsoft Build 2021 event, there are a number of sessions, round-tables and ask-the-experts panels featuring Conversational AI. The key items to look out for on the schedule are below, including the chance to schedule a 1:1 conversation with the Conversational AI team.""
""""
""We're excited to hear your feedback and wish you a great Microsoft Build 2021! #microsoft #botframework #microsoftazure #ai #technology #artificialintelligence",https://aka.ms/ConvAIBuild2021,https://techcommunity.microsoft.com/t5/image/serverpage/image-id/282629i2AEF04FC418CA47A?v=v2,MEMBER_NETWORK
2021-05-24 12:39:42,https://www.linkedin.com/feed/update/urn%3Ali%3Ashare%3A6802573813570703360,Still slots available! Lots of fun stuff to talk about!,"","",MEMBER_NETWORK
2021-05-20 20:02:49,https://www.linkedin.com/feed/update/urn%3Ali%3Ashare%3A6801235774323920897,"Composer 2.0 has shipped! Very excited to see this chatbot tool become a mature and powerful way to create a diverse set of conversational experiences. ""
""""
""","","",MEMBER_NETWORK
2021-05-19 22:28:50,https://www.linkedin.com/feed/update/urn%3Ali%3Ashare%3A6800910132248113152,Talk to our team at Build next week! #chatbot #bots,"","",MEMBER_NETWORK
2021-04-28 20:07:07,https://www.linkedin.com/feed/update/urn%3Ali%3Ashare%3A6793264324677771264,Work with Patrick!!,"","",MEMBER_NETWORK
2021-04-27 17:58:58,https://www.linkedin.com/feed/update/urn%3Ali%3Ashare%3A6792869683403010048,Psst!,"","",MEMBER_NETWORK
2021-04-05 18:31:24,https://www.linkedin.com/feed/update/urn%3Ali%3Ashare%3A6784905313955983360,Work with Chris!,"","",MEMBER_NETWORK
2021-04-01 14:39:59,https://www.linkedin.com/feed/update/urn%3Ali%3Ashare%3A6783397525375266816,Hire Julie Ziegelman! She can be your hero too!,"","",MEMBER_NETWORK
2021-03-15 15:00:54,https://www.linkedin.com/feed/update/urn%3Ali%3Ashare%3A6777242196090392576,"","","",MEMBER_NETWORK
2021-03-05 15:06:30,https://www.linkedin.com/feed/update/urn%3Ali%3Ashare%3A6773619727689428992,"","","",MEMBER_NETWORK
2021-03-03 16:59:25,https://www.linkedin.com/feed/update/urn%3Ali%3Ashare%3A6772923367080157184,"","","",MEMBER_NETWORK
2021-02-19 23:35:52,https://www.linkedin.com/feed/update/urn%3Ali%3AugcPost%3A6768674484137328640,"Also, Work for Tony! Great role and a fun team!","","",MEMBER_NETWORK
2021-02-19 23:33:54,https://www.linkedin.com/feed/update/urn%3Ali%3Ashare%3A6768673987594641409,Work for Jon! The best boss and a great role if you want to help make a huge variety of bots! If you have questions my dm's are open.,"","",MEMBER_NETWORK
2021-01-26 12:26:59,https://www.linkedin.com/feed/update/urn%3Ali%3Ashare%3A6759808843779239936,We’re hiring! If you see anything you want to learn more about my dms are open! https://aka.ms/bfjobs,https://careers.microsoft.com/us/en/search-results,"",MEMBER_NETWORK
2021-01-25 16:53:06,https://www.linkedin.com/feed/update/urn%3Ali%3AugcPost%3A6759513426373992448,Work for Tony!,"","",MEMBER_NETWORK
2021-01-18 21:59:22,https://www.linkedin.com/feed/update/urn%3Ali%3Ashare%3A6757053786021265408,Work with Taylor!!,"","",MEMBER_NETWORK
2021-01-12 02:21:11,https://www.linkedin.com/feed/update/urn%3Ali%3Ashare%3A6754582958503469056,Jon is an amazing boss and this is a great role at the center of all LivePerson is doing. If you want to know more feel free to drop me a line.,"","",MEMBER_NETWORK
2021-01-11 13:29:35,https://www.linkedin.com/feed/update/urn%3Ali%3Ashare%3A6754388779634622464,This is my final full week at LivePerson. I want to thank all the amazing colleagues and clients I've worked with over the past few years and am looking forward to the next major chapter of my career. More details soon!,"","",MEMBER_NETWORK
2020-12-08 19:41:35,https://www.linkedin.com/feed/update/urn%3Ali%3Ashare%3A6742161206783610880,Work with Brandon!!,"","",MEMBER_NETWORK
2020-12-03 12:36:58,https://www.linkedin.com/feed/update/urn%3Ali%3Ashare%3A6740242410095345664,Austin Friends heads up!,"","",MEMBER_NETWORK
2020-11-20 03:24:31,https://www.linkedin.com/feed/update/urn%3Ali%3Ashare%3A6735392339373674496,This is a very interesting role! You should check it out!,"","",MEMBER_NETWORK
2020-10-28 11:55:17,https://www.linkedin.com/feed/update/urn%3Ali%3Ashare%3A6727185956459356160,Work with Mira!,"","",MEMBER_NETWORK
2020-10-17 21:00:38,https://www.linkedin.com/feed/update/urn%3Ali%3Ashare%3A6723336931725361152,"","","",MEMBER_NETWORK
2020-10-14 16:30:54,https://www.linkedin.com/feed/update/urn%3Ali%3Ashare%3A6722181888523460608,"#Technology has never made companies smarter, only faster. You gotta know what you are trying to do before you build it; otherwise, you will do what you are already doing, but at machine speed.","","",MEMBER_NETWORK
2020-10-08 20:13:24,https://www.linkedin.com/feed/update/urn%3Ali%3Ashare%3A6720063555636342784,Work with Molly!,"","",MEMBER_NETWORK
2020-09-28 19:46:57,https://www.linkedin.com/feed/update/urn%3Ali%3Ashare%3A6716433023031676929,"","","",MEMBER_NETWORK
2020-09-12 12:47:44,https://www.linkedin.com/feed/update/urn%3Ali%3AugcPost%3A6710529316876288000,Hire Aspyn!!,"","",MEMBER_NETWORK
2020-08-05 15:21:19,https://www.linkedin.com/feed/update/urn%3Ali%3Ashare%3A6696797226850664448,Come work with Tony! This team is doing neat stuff!,"","",MEMBER_NETWORK
2020-06-30 19:17:56,https://www.linkedin.com/feed/update/urn%3Ali%3Ashare%3A6683810811720413184,"","","",MEMBER_NETWORK
2020-06-26 14:25:06,https://www.linkedin.com/feed/update/urn%3Ali%3Ashare%3A6682287565900451840,Work with Zishan!!,"","",MEMBER_NETWORK
2020-06-02 18:04:44,https://www.linkedin.com/feed/update/urn%3Ali%3Ashare%3A6673645527051112448,"","","",MEMBER_NETWORK
2020-05-21 03:05:32,https://www.linkedin.com/feed/update/urn%3Ali%3Ashare%3A6669070581889069056,"","","",MEMBER_NETWORK
2020-05-06 21:08:31,https://www.linkedin.com/feed/update/urn%3Ali%3Ashare%3A6663907306008387584,Does this role sound like you? Let me know you are interested!,"","",MEMBER_NETWORK
2020-04-28 14:54:56,https://www.linkedin.com/feed/update/urn%3Ali%3Ashare%3A6660914189793583104,I will be watching this today! Loads of good speakers.,https://www.bigmarker.com/chatbots-life/Live-Q-A-with-Speakers#.XqhDrhbuQ68.linkedin,https://d5ln38p3754yc.cloudfront.net/presenters/4113496/medium/1587589445-94779702381f8872.jpg?1587589445,MEMBER_NETWORK
2020-04-28 14:54:56,https://www.linkedin.com/feed/update/urn%3Ali%3Ashare%3A6660914189793583104,I will be watching this today! Loads of good speakers.,https://www.bigmarker.com/chatbots-life/Live-Q-A-with-Speakers#.XqhDrhbuQ68.linkedin,https://d5ln38p3754yc.cloudfront.net/club_icons/212364/large/1585712986-ecd7b559bb970c3c.png?1585712986,MEMBER_NETWORK
2020-04-28 14:54:56,https://www.linkedin.com/feed/update/urn%3Ali%3Ashare%3A6660914189793583104,I will be watching this today! Loads of good speakers.,https://www.bigmarker.com/chatbots-life/Live-Q-A-with-Speakers#.XqhDrhbuQ68.linkedin,https://d5ln38p3754yc.cloudfront.net/presenters/4113448/medium/1587589046-a82ac5f1da39d04f.jpg?1587589046,MEMBER_NETWORK
2020-03-20 19:54:09,https://www.linkedin.com/feed/update/urn%3Ali%3Ashare%3A6646856362556997634,"","","",MEMBER_NETWORK
2020-03-11 19:32:00,https://www.linkedin.com/feed/update/urn%3Ali%3Ashare%3A6643589296274108416,Working on multiple parallel #covid #chatbots is a weird way to feel productive.,"","",MEMBER_NETWORK
2020-02-28 00:45:15,https://www.linkedin.com/feed/update/urn%3Ali%3Ashare%3A6638957086745124864,"","","",MEMBER_NETWORK
2020-02-06 21:23:49,https://www.linkedin.com/feed/update/urn%3Ali%3Ashare%3A6631296251419770880,"","","",MEMBER_NETWORK
2020-02-04 13:21:23,https://www.linkedin.com/feed/update/urn%3Ali%3Ashare%3A6630450066949758976,"","","",MEMBER_NETWORK
2019-12-05 15:23:20,https://www.linkedin.com/feed/update/urn%3Ali%3Ashare%3A6608375095297662977,Work with Catherine!,"","",MEMBER_NETWORK
2019-10-09 20:39:32,https://www.linkedin.com/feed/update/urn%3Ali%3Ashare%3A6587798561675636736,Work with Phyllis!,"","",MEMBER_NETWORK
2019-10-01 15:23:09,https://www.linkedin.com/feed/update/urn%3Ali%3Ashare%3A6584819839754387456,"#chatbot design is an oft-misunderstood concept, check this guide on how to launch great branded #conversational experiences for your brand.","","",MEMBER_NETWORK
2019-09-19 15:41:46,https://www.linkedin.com/feed/update/urn%3Ali%3Ashare%3A6580475870698364928,"For the past month, I've been getting to know the products and customers in the #liveperson ecosystem in my newest role, and in all honesty - I've never been more excited to work in the #conversational space! It's a very validating experience to be on a team of people psyched about building and shipping great conversational experiences. ""
""""
""The excitement and opinions about #chatbot #bestpractices are reflected in the tools we build and the clients we work with. Looking forward to the future with growing excitement is a fun feeling to have, and I'm even more excited about what is in the pipeline.","","",MEMBER_NETWORK
2019-08-28 21:44:56,https://www.linkedin.com/feed/update/urn%3Ali%3Ashare%3A6572594728615899136,"","","",MEMBER_NETWORK
2019-08-21 18:12:42,https://www.linkedin.com/feed/update/urn%3Ali%3Ashare%3A6570004603574771713,"","","",MEMBER_NETWORK
2019-08-15 22:01:02,https://www.linkedin.com/feed/update/urn%3Ali%3Ashare%3A6567887737179947008,"Friday is my last day at Walmart! Super big thanks to everyone at the company and our vendor network who taught me a lot about designing great #chatbot experiences at enterprise scale. Next week is a new adventure, stay tuned!","","",MEMBER_NETWORK
2019-08-14 11:38:58,https://www.linkedin.com/feed/update/urn%3Ali%3Ashare%3A6567368801481043968,"Please vote for this topic, cause I want to see it !",https://panelpicker.sxsw.com/vote/103142,"",MEMBER_NETWORK
2019-08-07 12:18:12,https://www.linkedin.com/feed/update/urn%3Ali%3Ashare%3A6564841963609214976,"Often when building out a #chatbot, you get a comment in a sprint planning section from a stakeholder that is something like ""make the #bot more #human"". How do you interpret that?","","",MEMBER_NETWORK
2019-07-25 19:47:50,https://www.linkedin.com/feed/update/urn%3Ali%3Ashare%3A6560244072240467968,Got to present to the She Rocks Tech a primer on how Walmart makes chatbots #chatbots  #walmart fun stuff!,"","",MEMBER_NETWORK
2019-07-24 17:16:20,https://www.linkedin.com/feed/update/urn%3Ali%3Ashare%3A6559843557195210752,Come on down!,"","",MEMBER_NETWORK
2019-06-15 12:23:33,https://www.linkedin.com/feed/update/urn%3Ali%3Ashare%3A6545636749190709248,"","","",MEMBER_NETWORK
2019-04-20 03:12:59,https://www.linkedin.com/feed/update/urn%3Ali%3Ashare%3A6525204475878141952,Great opportunity!,"","",MEMBER_NETWORK
2019-02-16 00:55:49,https://www.linkedin.com/feed/update/urn%3Ali%3Ashare%3A6502339521697370113,Great hackathon this week with a team made up of Microsoft and Walmart Technology developers. Can’t wait to share what we are working on! #chatbot #botframework,"","",MEMBER_NETWORK
2019-02-12 12:55:24,https://www.linkedin.com/feed/update/urn%3Ali%3Ashare%3A6501071059050131456,"","","",MEMBER_NETWORK
2019-02-12 00:20:45,https://www.linkedin.com/feed/update/urn%3Ali%3Ashare%3A6500881146224656384,"Carrot or the stick? The best thing a senior role can do for a junior is to empower them to make informed decisions, but do the actual going to bat for them on their behalf until they get better at defending their ideas. If you can't protect people to experiment outside their comfort zone, all they will produce is work they think you want to see, and you'll never innovate. #protection #empower #inform #wills","","",MEMBER_NETWORK
2019-01-25 15:28:25,https://www.linkedin.com/feed/update/urn%3Ali%3Ashare%3A6494586583356887041,Good job alert!,"","",MEMBER_NETWORK
2018-12-07 17:59:00,https://www.linkedin.com/feed/update/urn%3Ali%3Ashare%3A6476867476289318912,"","","",MEMBER_NETWORK
2018-11-15 00:29:58,https://www.linkedin.com/feed/update/urn%3Ali%3Ashare%3A6468630946416521216,"Here is some more great articles about Botkit today: ""
""""
""#chatbots ""
""""
""https://lnkd.in/eUtvzg5""
""""
""https://lnkd.in/eQFNSWv""
""""
""https://lnkd.in/eEkCR6v""
""""
""https://lnkd.in/eHniEmz","","",MEMBER_NETWORK
2018-11-14 14:50:28,https://www.linkedin.com/feed/update/urn%3Ali%3Ashare%3A6468485107807240192,So excited to share: Botkit has found a new home! #chatbots,https://blogs.microsoft.com/blog/2018/11/14/microsoft-to-acquire-xoxco-bringing-together-leading-bot-development-communities-to-help-advance-conversational-ai/,"",MEMBER_NETWORK
2018-11-05 03:23:13,https://www.linkedin.com/feed/update/urn%3Ali%3Ashare%3A6465050665054978048,"","","",MEMBER_NETWORK
2018-10-22 12:56:36,https://www.linkedin.com/feed/update/urn%3Ali%3Ashare%3A6460121533921718272,"","","",MEMBER_NETWORK
2018-10-22 12:55:15,https://www.linkedin.com/feed/update/urn%3Ali%3Ashare%3A6460121193616859137,"The one thing I’ve always told developers about #chatbots is they cannot be the tentpole of your application initiative, but rather they are a context specific application of your solution where the end user needs it most. ""
""""
""If you go to market and your solution is only in one chat service context, and not another or does not exist as an external service you lack the flexibility and opportunity to lock yourself into a real “can’t live without it” better mousetrap type scenario. ""
""""
""Now that the first wave of  #bot explorations have passed, the  #startups that have survived or have been acquired are exactly those that have developed truly useful  #technology, but within the chatbot context. Function remains king over form going forward, and having a good demo isn’t enough anymore. ""
""""
""Not sure where to go or get started with your #chatbot  #planning for 2019 and beyond? Let’s talk.  #consultation.","","",MEMBER_NETWORK
2018-10-10 19:32:22,https://www.linkedin.com/feed/update/urn%3Ali%3Ashare%3A6455872474226712576,"It's rare a un-launch is huge news, but here we are: https://lnkd.in/ehuDSJY #chatbots #technology #bot #talkabot",https://medium.com/slack-developer-blog/an-update-on-workspace-apps-aabc9e42a98b,https://media.licdn.com/media-proxy/ext?w=1600&h=800&f=n&hash=hp1LGeuQtci%2FYQthl4KXgyQR7Bo%3D&ora=1%2CaFBCTXdkRmpGL2lvQUFBPQ%2CxAVta5g-0R6plxVXyxEg56uS4B7-6UJDTJfRTGP-Bjr3q52fYXHpedjeY8b7piF-Okh0131rP77ZCWShW-ihXM3xPYIm,MEMBER_NETWORK
2018-10-10 19:32:22,https://www.linkedin.com/feed/update/urn%3Ali%3Ashare%3A6455872474226712576,"It's rare a un-launch is huge news, but here we are: https://lnkd.in/ehuDSJY #chatbots #technology #bot #talkabot",https://medium.com/slack-developer-blog/an-update-on-workspace-apps-aabc9e42a98b,"",MEMBER_NETWORK
2018-10-03 12:37:51,https://www.linkedin.com/feed/update/urn%3Ali%3Ashare%3A6453231443983298560,"Some quick thoughts on the new Slack “Future of Work” study ""
""https://lnkd.in/e7Jdm2F #chatbots #bot","","",MEMBER_NETWORK
2018-09-28 15:01:48,https://www.linkedin.com/feed/update/urn%3Ali%3Ashare%3A6451455730233987072,"Talkabot meetup was incredible. Thanks to our speakers Paula Nguyen, Jayneil Dalaland of course all the attendees! Here's to another great year of talkin' bots. #chatbots #startups #bot #meetup #consultation",https://twitter.com/benbrown/status/1045461709773840384,https://media.licdn.com/media-proxy/ext?w=1200&h=900&f=n&hash=KlYf1g1MlhBt3FaZUKc9Ot0hN1A%3D&ora=1%2CaFBCTXdkRmpGL2lvQUFBPQ%2CxAVta5g-0R66kQhU1gso7anPrkC9q0pCQYvdTUT-IiCuiNDlYAaYEKSAfaz75Ao,MEMBER_NETWORK
2018-09-28 15:01:48,https://www.linkedin.com/feed/update/urn%3Ali%3Ashare%3A6451455730233987072,"Talkabot meetup was incredible. Thanks to our speakers Paula Nguyen, Jayneil Dalaland of course all the attendees! Here's to another great year of talkin' bots. #chatbots #startups #bot #meetup #consultation",https://twitter.com/benbrown/status/1045461709773840384,"",MEMBER_NETWORK
2018-09-26 13:53:36,https://www.linkedin.com/feed/update/urn%3Ali%3Ashare%3A6450713790290939904,#Chatbots people! Looking for work? Building a team? The #Talkabot  meetup is a great chance to meet like minded people and take you projects to the next level. Come on by tomorrow at Walmart Technology's new downtown offices. RSVP: https://lnkd.in/ePRHRFh #meetup,https://www.meetup.com/Talkabot/events/253978119/,https://media.licdn.com/media-proxy/ext?w=240&h=240&f=n&hash=BpxveqhgOSGwkrRZUU4aMUrRbFQ%3D&ora=1%2CaFBCTXdkRmpGL2lvQUFBPQ%2CxAVta5g-0R65lhgP0Blv7auEuVqg91NGUYvfTGP-BjrqoorEPzT2JJKCK-fju14JcDMBjw0tIrr1EmWjfZG6K43oed91jom_ZMWz,MEMBER_NETWORK
2018-09-26 13:53:36,https://www.linkedin.com/feed/update/urn%3Ali%3Ashare%3A6450713790290939904,#Chatbots people! Looking for work? Building a team? The #Talkabot  meetup is a great chance to meet like minded people and take you projects to the next level. Come on by tomorrow at Walmart Technology's new downtown offices. RSVP: https://lnkd.in/ePRHRFh #meetup,https://www.meetup.com/Talkabot/events/253978119/,"",MEMBER_NETWORK
2018-09-24 16:04:09,https://www.linkedin.com/feed/update/urn%3Ali%3Ashare%3A6450021872254939136,"Austin area #startups! I am available for content and product strategy projects, either via #consultation or full-time employee. Have been working with #chatbots, but have extensive experience bringing web mobile and desktop applications, managing diverse communities, and helping companies achieve any number of roadmap scenarios. Working on something cool? Let me know!","","",MEMBER_NETWORK
2018-09-20 14:45:09,https://www.linkedin.com/feed/update/urn%3Ali%3Ashare%3A6448552437400821760,"One week! Learn about the cutting edge products coming from the world of #chatbots, brought to you by our friends at Walmart Technology and Howdy AI .",https://www.meetup.com/Talkabot/,"",MEMBER_NETWORK
2018-09-12 21:08:52,https://www.linkedin.com/feed/update/urn%3Ali%3Ashare%3A6445749900562046976,The next Talkabot is coming ! RSVP TODAY! https://lnkd.in/gnUqr-J,https://twitter.com/talkabotconf/status/1039926124321669120?s=21,"",MEMBER_NETWORK
2018-08-31 19:15:54,https://www.linkedin.com/feed/update/urn%3Ali%3Ashare%3A6441372814976126978,"You: Early stage startup looking to get a product to market, growing a popular, inclusive community in support of that effort, pitching SAAS projects and developing SLA plans and support processes.""
""Me: Available for consultation, long-term projects, and contract work.","","",MEMBER_NETWORK
2018-07-29 00:27:37,https://www.linkedin.com/feed/update/urn%3Ali%3Ashare%3A6429130075135897600,Great overview of the space.,"","",MEMBER_NETWORK
2018-07-17 15:30:17,https://www.linkedin.com/feed/update/urn%3Ali%3Ashare%3A6425008585180278784,The little carousel things that get added to your profile when you add links to press clippings are nice! Well done LinkedIn. ,"","",MEMBER_NETWORK
2018-05-23 00:48:54,https://www.linkedin.com/feed/update/urn%3Ali%3Ashare%3A6404855442723393536,"Had a great time at Slack Spec talking to developers about building for the Slack platform. If you have an existing Botkit bot, you should reach out to me, we have something interesting to show you!","","",MEMBER_NETWORK
2018-01-25 14:07:23,https://www.linkedin.com/feed/update/urn%3Ali%3Ashare%3A6362294622252781568,"Just launched Botkit Anywhere, now you can use Botkit Studio to author bots for the web and your application! Product Hunt link: https://lnkd.in/evEDUwr""
""","","",MEMBER_NETWORK
2017-10-21 15:53:45,https://www.linkedin.com/feed/update/urn%3Ali%3Ashare%3A6327532155543056385,"","","",MEMBER_NETWORK
2017-10-04 20:32:28,https://www.linkedin.com/feed/update/urn%3Ali%3Ashare%3A6321441701076488192,Looking for presenters at our next Bot meetup to talk about cool projects and services for those in the world of conversation UXs. If you are interested (you can present remotely!) let me know!,https://www.meetup.com/Talkabot/,"",MEMBER_NETWORK
2017-09-19 16:49:16,https://www.linkedin.com/feed/update/urn%3Ali%3Ashare%3A6315949713921241088,"Tomorrow night! Austin, Tx!  ",https://www.meetup.com/Talkabot/events/240400080/,"",MEMBER_NETWORK
2017-01-09 19:36:18,https://www.linkedin.com/feed/update/urn%3Ali%3Ashare%3A6224307617884368896,"This Tuesday! Austin, TX people should come meet with some the sharpest tacks in the Bot Dev scene! For more information check out:",https://www.meetup.com/Talkabot-ATX/events/236339266/,"",MEMBER_NETWORK
