Saved Date,Job Url,Job Title,Company Name
"10/14/20, 2:06 PM",http://www.linkedin.com/jobs/view/1953574954,"Lead Product Manager, Conversational AI",Chime
"6/19/19, 12:54 PM",http://www.linkedin.com/jobs/view/1309103817,"Senior Product Manager, Create (Knowledge)",GitLab
"5/9/19, 3:45 AM",http://www.linkedin.com/jobs/view/1131308855,Conversational Designer (Digital Engagement Chatbots/AI),LogMeIn
"5/15/25, 9:44 AM",http://www.linkedin.com/jobs/view/4171085575,"Principal, Conversational AI Strategy",WillowTree
"6/19/19, 12:53 PM",http://www.linkedin.com/jobs/view/1309104122,"Senior Product Manager, Dogfood Coach",GitLab
"10/7/23, 4:04 PM",http://www.linkedin.com/jobs/view/3734607366,Responsible AI Senior Technical Program Manager,Workday
"9/20/18, 11:25 AM",http://www.linkedin.com/jobs/view/867948956,Principal Customer Success Manager,GE Digital
"7/13/15, 8:16 AM",http://www.linkedin.com/jobs/view/62324571,AppleCare Professional Applications Technical Support Advisor,Apple
"2/6/25, 3:12 PM",http://www.linkedin.com/jobs/view/4118106571,Senior Technical Product Manager â€“ AI/ML,Sogeti
"12/6/24, 3:08 PM",http://www.linkedin.com/jobs/view/4069153985,"Director, Artificial Intelligence",Innova Solutions
"5/6/19, 1:22 PM",http://www.linkedin.com/jobs/view/1250230682,Product Content Manager,HotSchedules
"6/19/19, 12:53 PM",http://www.linkedin.com/jobs/view/1289194491,Senior Product Manager - SaaS,Intertek Alchemy
"9/20/18, 3:45 AM",http://www.linkedin.com/jobs/view/867931065,Enterprise Customer Success Manager (REMOTE from home-Austin/Houston),Ellucian
"4/14/19, 5:02 AM",http://www.linkedin.com/jobs/view/1164232896,Technical Customer Success Manager,Cloudera
"4/25/25, 3:57 PM",http://www.linkedin.com/jobs/view/4171328271,Senior Product Manager - Activation,Virta Health
"6/19/19, 12:50 PM",http://www.linkedin.com/jobs/view/1324433758,"Senior Product Manager, Enterprise Experience",Optimizely
"4/14/19, 5:01 AM",http://www.linkedin.com/jobs/view/1216998521,UX Designer,Procore Technologies
"9/20/18, 3:45 AM",http://www.linkedin.com/jobs/view/867993912,"Paid Social  Media, Account Manager",MissionOne Media
"4/14/19, 5:03 AM",http://www.linkedin.com/jobs/view/1215665679,"Manager or Associate, Strategy and Business Operations - New Market Development",Juul Labs
"9/20/18, 11:25 AM",http://www.linkedin.com/jobs/view/878467454,"Consultant, Product Management",Dell
"9/20/18, 11:25 AM",http://www.linkedin.com/jobs/view/823283484,Technical Implementation Consultant,PeopleAdmin
"12/17/24, 6:37 PM",http://www.linkedin.com/jobs/view/3960143238,"Director, Generative AI ",Hyatt
"5/9/19, 3:44 AM",http://www.linkedin.com/jobs/view/1211928247,Product Manager,Auth0
"5/6/19, 1:22 PM",http://www.linkedin.com/jobs/view/1252413625,Senior Product Manager - Customer Journey Platform,Cisco
"6/19/19, 12:55 PM",http://www.linkedin.com/jobs/view/1318209547,Conversational AI Product Manager - Digital Consultant 5,Wells Fargo
"4/14/19, 5:02 AM",http://www.linkedin.com/jobs/view/1217177911,Field Marketing Manager,ServiceNow
"4/25/25, 5:35 PM",http://www.linkedin.com/jobs/view/4207125985,Senior Technical Product Manager,Cast & Crew
